ID,ObsType,ObsID,Latitude,Longitude,Elevation(m),LocalDate,LocalTime,UTDate,UTTime,LimitingMag,SQMReading,SQMSerial,CloudCover,Constellation,SkyComment,LocationComment,Country,Unnamed: 18
205557,GAN,249,36.1756,137.986,687.006,2019-01-01,00:12,2018-12-31,15:12,3,,,clear,Orion,,,Japan,
205558,GAN,250,35.8845,139.611,14.0995,2019-01-01,00:19,2018-12-31,15:19,2,,,clear,Orion,,,Japan,
205572,GAN,271,35.5298,139.702,18.0,2019-01-01,17:10,2019-01-01,08:10,1,,,clear,Orion,,,Japan,
205573,GAN,272,35.587,139.63,11.8542,2019-01-01,17:13,2019-01-01,08:13,1,,,1/4 of sky,Orion,,,Japan,
205574,GAN,273,35.2228,140.302,116.527,2019-12-30,21:46,2019-12-30,12:46,5,,,clear,Perseus,,,Japan,
205575,GAN,274,35.7552,139.694,28.0251,2019-01-01,19:16,2019-01-01,10:16,-9999,,,clear,Orion,,,Japan,
205576,GAN,275,35.7546,139.468,79.5949,2019-01-01,19:34,2019-01-01,10:34,2,,,clear,Orion,,,Japan,
205577,GAN,276,35.8268,139.735,6.0,2019-01-01,20:17,2019-01-01,11:17,2,,,clear,Orion,,,Japan,
205578,GAN,277,35.7212,139.747,24.9308,2019-01-01,20:25,2019-01-01,11:25,1,,,1/4 of sky,Orion,,,Japan,
205579,GAN,278,35.8654,139.629,14.4772,2019-01-01,20:37,2019-01-01,11:37,3,,,1/4 of sky,Orion,,,Japan,
205580,GAN,279,36.3877,139.065,106.726,2019-01-01,20:40,2019-01-01,11:40,1,,,clear,Orion,,,Japan,
205581,GAN,280,35.6973,139.403,90.1082,2019-01-01,20:43,2019-01-01,11:43,-9999,,,clear,Orion,,,Japan,
205582,GAN,281,39.7655,140.75,473.42,2019-01-01,20:55,2019-01-01,11:55,-9999,,,over 1/2 of sky,Orion,,,Japan,
205583,GAN,282,35.8056,139.766,6.0,2019-01-01,21:09,2019-01-01,12:09,2,,,clear,Orion,,,Japan,
205584,GAN,283,35.6419,139.277,174.737,2019-01-01,21:13,2019-01-01,12:13,2,,,clear,Orion,,,Japan,
205585,GAN,284,39.7005,140.725,224.652,2019-01-01,21:13,2019-01-01,12:13,2,,,1/2 of sky,Orion,,,Japan,
205586,GAN,285,37.7795,140.489,58.4782,2019-01-01,21:20,2019-01-01,12:20,3,,,1/4 of sky,Orion,,,Japan,
205587,GAN,286,35.8137,139.578,26.5262,2019-01-01,21:15,2019-01-01,12:15,2,,,clear,Orion,,,Japan,
205588,GAN,287,35.5794,139.419,109.223,2019-01-01,21:50,2019-01-01,12:50,2,,,clear,Orion,,,Japan,
205589,GAN,288,35.8709,140.021,22.5716,2019-01-01,21:59,2019-01-01,12:59,3,,,clear,Orion,,,Japan,
205590,GAN,289,35.7592,139.548,56.069,2019-01-01,22:23,2019-01-01,13:23,2,,,clear,Orion,,,Japan,
205591,GAN,290,35.7711,139.907,26.2101,2019-01-01,22:35,2019-01-01,13:35,3,,,1/4 of sky,Orion,,,Japan,
205592,GAN,291,35.804,139.763,5.26403,2019-01-01,23:06,2019-01-01,14:06,2,,,clear,Orion,,,Japan,
205593,GAN,292,35.5452,140.231,69.7757,2019-01-01,23:29,2019-01-01,14:29,3,,,clear,Orion,,,Japan,
205594,GAN,293,35.7286,139.477,79.4681,2019-01-01,23:45,2019-01-01,14:45,3,,,clear,Orion,,,Japan,
205595,GAN,294,35.7356,139.652,44.3534,2019-01-01,21:45,2019-01-01,12:45,2,,,1/4 of sky,Orion,,,Japan,
205596,GAN,296,35.686,139.728,30.5393,2019-01-02,01:11,2019-01-01,16:11,2,,,clear,Orion,,,Japan,
205598,GAN,299,35.7118,139.92,4.35744,2019-01-02,02:37,2019-01-01,17:37,3,,,clear,Orion,,,Japan,
205623,GAN,333,35.6536,139.8,1.31324,2019-01-02,18:58,2019-01-02,09:58,2,,,clear,Orion,,,Japan,
205624,GAN,334,35.7113,139.541,62.2376,2019-01-02,19:46,2019-01-02,10:46,2,,,clear,Orion,,,Japan,
205625,GAN,335,39.6956,141.175,152.778,2019-01-02,19:46,2019-01-02,10:46,3,,,1/4 of sky,Orion,,,Japan,
205626,GAN,336,35.5631,139.726,4.35743,2019-01-02,19:51,2019-01-02,10:51,1,,,1/4 of sky,Orion,,,Japan,
205627,GAN,337,35.7132,139.838,1.6545,2019-01-02,19:54,2019-01-02,10:54,2,,,clear,Orion,,,Japan,
205628,GAN,339,35.7093,139.638,44.575,2019-01-02,20:23,2019-01-02,11:23,2,,,clear,Orion,,,Japan,
205629,GAN,340,35.7876,139.903,15.038,2019-01-02,20:45,2019-01-02,11:45,2,,,1/2 of sky,Orion,,,Japan,
205630,GAN,341,36.4794,140.376,44.8633,2019-01-02,21:00,2019-01-02,12:00,4,,,clear,Orion,,,Japan,
205631,GAN,342,35.7591,139.631,40.3219,2019-01-02,21:20,2019-01-02,12:20,2,,,clear,Orion,,,Japan,
205632,GAN,343,36.1836,139.294,44.1728,2019-01-02,21:20,2019-01-02,12:20,3,,,clear,Orion,,,Japan,
205633,GAN,344,34.4507,135.516,124.326,2019-01-02,21:39,2019-01-02,12:39,3,,,clear,Orion,,,Japan,
205634,GAN,345,35.872,140.008,19.3946,2019-01-02,21:46,2019-01-02,12:46,2,,,clear,Orion,,,Japan,
205635,GAN,346,35.7995,139.98,31.2279,2019-01-02,21:48,2019-01-02,12:48,2,,,clear,Orion,,,Japan,
205636,GAN,347,35.7172,139.747,9.96112,2019-01-02,21:56,2019-01-02,12:56,2,,,clear,Orion,,,Japan,
205637,GAN,348,36.3077,139.025,90.8251,2019-01-02,22:13,2019-01-02,13:13,3,,,1/4 of sky,Orion,,,Japan,
205638,GAN,349,35.7316,139.862,0.978049,2019-01-02,21:50,2019-01-02,12:50,3,,,clear,Orion,,,Japan,
205639,GAN,350,35.7318,139.862,3.19828,2019-01-02,21:50,2019-01-02,12:50,3,,,clear,Orion,,,Japan,
205640,GAN,351,35.8068,139.679,5.2484,2019-01-02,22:47,2019-01-02,13:47,3,,,clear,Orion,,,Japan,
205641,GAN,352,35.8068,139.679,5.2484,2019-01-02,22:47,2019-01-02,13:47,3,,,clear,Orion,,,Japan,
205642,GAN,353,35.7149,139.744,19.7938,2019-01-02,21:46,2019-01-02,12:46,2,,,clear,Orion,,,Japan,
205643,GAN,354,36.3399,140.475,29.2074,2019-01-02,20:00,2019-01-02,11:00,2,,,clear,Orion,,,Japan,
205644,GAN,355,33.7035,130.427,36.5851,2019-01-02,23:37,2019-01-02,14:37,3,,,clear,Orion,,,Japan,
205645,GAN,356,35.9064,139.579,12.2667,2019-01-02,21:50,2019-01-02,12:50,3,,,clear,Orion,,,Japan,
205646,GAN,357,35.3241,139.443,7.78409,2019-01-02,23:54,2019-01-02,14:54,2,,,clear,Orion,,,Japan,
205648,GAN,359,35.7583,139.516,54.4732,2019-01-03,00:12,2019-01-02,15:12,-9999,,,1/4 of sky,Orion,,,Japan,
205649,GAN,361,35.7387,139.849,5.97972,2019-01-03,00:32,2019-01-02,15:32,2,,,clear,Orion,,,Japan,
205650,GAN,362,33.5162,130.564,92.1694,2019-01-03,00:57,2019-01-02,15:57,4,,,1/4 of sky,Orion,,,Japan,
205652,GAN,364,35.7862,139.684,5.47715,2019-01-03,01:03,2019-01-02,16:03,-9999,,,1/2 of sky,Orion,,,Japan,
205664,GAN,379,36.6614,137.32,72.6993,2019-01-02,22:30,2019-01-02,13:30,4,,,1/4 of sky,Orion,,,Japan,
205680,GAN,396,34.7498,135.512,3.22303,2019-01-03,01:00,2019-01-02,16:00,3,,,1/4 of sky,Orion,,,Japan,
205681,GAN,398,35.7067,139.868,1.95672,2019-01-02,01:00,2019-01-01,16:00,2,,,clear,Orion,,,Japan,
205682,GAN,399,34.1774,131.461,42.3412,2019-01-02,00:00,2019-01-02,00:00,4,,,1/4 of sky,Orion,,,Japan,
205683,GAN,400,36.1688,139.542,16.265,2019-01-02,23:40,2019-01-02,14:40,2,,,clear,Orion,,,Japan,
205686,GAN,403,35.5997,139.342,144.054,2019-01-03,18:09,2019-01-03,09:09,1,,,1/4 of sky,Orion,,,Japan,
205687,GAN,404,35.7926,139.447,81.903,2019-01-03,18:54,2019-01-03,09:54,2,,,clear,Orion,,,Japan,
205688,GAN,405,35.7928,139.447,82.3563,2019-01-03,19:04,2019-01-03,10:04,2,,,clear,Orion,,,Japan,
205689,GAN,406,35.8201,139.576,17.6803,2019-01-03,19:50,2019-01-03,10:50,-9999,,,clear,Orion,,,Japan,
205690,GAN,407,35.6318,140.109,24.5475,2019-01-03,20:02,2019-01-03,11:02,2,,,clear,Orion,,,Japan,
205691,GAN,408,35.7488,139.683,32.7426,2019-01-03,20:28,2019-01-03,11:28,-9999,,,clear,Orion,,,Japan,
205692,GAN,409,36.1269,140.083,26.8564,2019-01-03,20:26,2019-01-03,11:26,4,,,clear,Orion,,,Japan,
205693,GAN,410,34.8899,136.94,2.93973,2019-01-03,20:36,2019-01-03,11:36,3,,,clear,Orion,,,Japan,
205694,GAN,411,35.7365,139.533,61.9523,2019-01-03,20:42,2019-01-03,11:42,1,,,1/4 of sky,Orion,,,Japan,
205695,GAN,412,35.7455,139.703,36.4234,2019-01-03,20:40,2019-01-03,11:40,3,,,clear,Orion,,,Japan,
205696,GAN,413,35.664,139.858,2.30876,2019-01-03,20:48,2019-01-03,11:48,-9999,,,clear,Orion,,,Japan,
205697,GAN,414,36.0093,138.113,763.09,2019-01-03,20:58,2019-01-03,11:58,3,,,clear,Orion,,,Japan,
205698,GAN,415,38.3264,140.882,42.4727,2019-01-01,23:35,2019-01-01,14:35,4,,,clear,Orion,,  ,Japan,
205699,GAN,417,34.9771,138.383,24.1585,2019-01-03,21:23,2019-01-03,12:23,3,,,clear,Orion,,,Japan,
205700,GAN,418,35.869,139.609,9.71315,2019-01-03,21:38,2019-01-03,12:38,3,,,clear,Orion,,,Japan,
205701,GAN,419,36.2163,137.974,592.648,2019-01-03,21:40,2019-01-03,12:40,3,,,clear,Orion,,,Japan,
205702,GAN,420,35.6445,139.736,7.14117,2019-01-03,21:59,2019-01-03,12:59,-9999,,,clear,Orion,,,Japan,
205703,GAN,421,35.6445,139.736,7.14117,2019-01-03,21:59,2019-01-03,12:59,-9999,,,clear,Orion,,,Japan,
205704,GAN,422,35.7705,139.683,13.1024,2019-01-03,22:01,2019-01-03,13:01,-9999,,,clear,Orion,,,Japan,
205706,GAN,424,35.6587,139.883,-0.140013,2019-01-03,22:31,2019-01-03,13:31,1,,,clear,Orion,,,Japan,
205707,GAN,425,35.682,139.928,2.17052,2019-01-03,21:32,2019-01-03,12:32,2,,,clear,Orion,,,Japan,
205708,GAN,426,35.7341,139.8,1.71723,2019-01-03,21:43,2019-01-03,12:43,3,,,clear,Orion,,,Japan,
205709,GAN,427,35.3436,139.431,15.1251,2019-01-03,23:02,2019-01-03,14:02,2,,,clear,Orion,,,Japan,
205710,GAN,430,35.7033,139.908,4.51053,2019-01-02,20:13,2019-01-02,11:13,1,,,1/4 of sky,Orion,,,Japan,
205711,GAN,431,35.9618,138.256,1203.55,2019-01-03,23:54,2019-01-03,14:54,5,,,clear,Orion,,,Japan,
205712,GAN,432,35.6532,140.172,16.1117,2019-01-04,00:06,2019-01-03,15:06,3,,,clear,Orion,,,Japan,
205713,GAN,433,35.7442,139.733,26.7283,2019-01-04,00:08,2019-01-03,15:08,1,,,clear,Orion,,,Japan,
205714,GAN,434,35.6843,139.903,3.46715,2019-01-04,22:12,2019-01-04,13:12,3,,,clear,Orion,,,Japan,
205716,GAN,436,36.3897,140.252,46.7581,2019-01-04,01:27,2019-01-03,16:27,3,,,clear,Orion,,,Japan,
205717,GAN,438,36.3897,140.252,46.7581,2019-01-04,01:30,2019-01-03,16:30,3,,,clear,Orion,,,Japan,
205725,GAN,448,36.1032,138.197,1916.93,2019-01-02,21:00,2019-01-02,12:00,3,,,clear,Orion,,,Japan,
205736,GAN,462,31.5968,130.512,127.875,2019-12-31,19:11,2019-12-31,10:11,2,,,clear,Perseus,,,Japan,
205748,GAN,478,35.3774,139.536,16.5015,2019-01-02,22:00,2019-01-02,13:00,2,,,1/4 of sky,Orion,,,Japan,
205749,GAN,479,35.7255,139.745,19.8547,2019-01-03,20:21,2019-01-03,11:21,1,,,clear,Orion,,,Japan,
205750,GAN,480,36.3087,139.831,38.1451,2019-01-04,17:31,2019-01-04,08:31,4,,,1/2 of sky,Orion,,,Japan,
205751,GAN,483,35.6374,139.658,38.2612,2019-01-04,19:00,2019-01-04,10:00,2,,,1/4 of sky,Orion,,,Japan,
205752,GAN,484,35.504,139.693,4.00063,2019-01-03,20:30,2019-01-03,11:30,3,,,clear,Orion,,,Japan,
205753,GAN,485,35.7236,139.75,26.9655,2019-01-04,19:24,2019-01-04,10:24,-9999,,,clear,Orion,,,Japan,
205754,GAN,486,35.7521,139.738,10.5054,2019-01-04,19:40,2019-01-04,10:40,-9999,,,clear,Orion,,,Japan,
205755,GAN,487,35.9867,139.741,9.29791,2019-01-04,19:44,2019-01-04,10:44,2,,,clear,Orion,,,Japan,
205756,GAN,488,35.7563,139.712,24.2056,2019-01-04,19:57,2019-01-04,10:57,2,,,1/4 of sky,Orion,,,Japan,
205758,GAN,490,35.4294,139.507,46.5757,2019-01-04,20:58,2019-01-04,11:58,3,,,1/4 of sky,Orion,,,Japan,
205759,GAN,491,35.4446,139.637,13.2742,2019-01-04,21:18,2019-01-04,12:18,1,,,1/2 of sky,Orion,,,Japan,
205760,GAN,492,35.8652,139.74,19.9433,2019-01-04,21:35,2019-01-04,12:35,2,,,clear,Orion,,,Japan,
205761,GAN,493,35.7336,139.739,25.876,2019-01-04,21:37,2019-01-04,12:37,-9999,,,1/4 of sky,Orion,,,Japan,
205762,GAN,494,35.6911,139.56,55.613,2019-01-04,21:41,2019-01-04,12:41,-9999,,,1/4 of sky,Orion,,,Japan,
205763,GAN,496,38.6368,140.545,799.713,2019-01-02,22:05,2019-01-02,13:05,2,,,clear,Orion,,,Japan,
205764,GAN,497,35.7767,140.001,30.1141,2019-01-04,22:12,2019-01-04,13:12,2,,,1/2 of sky,Orion,,,Japan,
205766,GAN,499,35.7833,139.779,6.0,2019-01-04,22:25,2019-01-04,13:25,2,,,1/4 of sky,Orion,,,Japan,
205767,GAN,500,35.7025,139.665,32.4046,2019-01-04,23:39,2019-01-04,14:39,-9999,,,1/4 of sky,Orion,,,Japan,
205769,GAN,502,35.8856,139.926,21.1766,2019-01-01,20:58,2019-01-01,11:58,3,,,clear,Orion,,,Japan,
205772,GAN,510,35.7061,138.652,678.294,2019-01-04,21:34,2019-01-04,12:34,2,,,clear,Orion,,,Japan,
205775,GAN,513,35.5919,139.706,24.1231,2019-01-04,23:30,2019-01-04,14:30,1,,,1/4 of sky,Orion,,,Japan,
205777,GAN,515,35.7254,139.622,50.1471,2019-01-04,23:53,2019-01-04,14:53,-9999,,,clear,Orion,,,Japan,
205778,GAN,516,36.6433,138.313,406.832,2019-01-05,00:05,2019-01-04,15:05,4,,,1/4 of sky,Orion,,,Japan,
205782,GAN,520,35.9423,139.669,12.6185,2019-01-01,12:10,2019-01-01,03:10,3,,,clear,Orion,,,Japan,
205790,GAN,529,35.6642,138.568,269.0,2019-01-03,22:00,2019-01-03,13:00,4,,,clear,Orion,,,Japan,
205793,GAN,532,36.1076,140.046,26.0107,2019-01-04,19:12,2019-01-04,10:12,2,,,clear,Orion,,,Japan,
205794,GAN,534,35.7505,139.696,36.5203,2019-01-04,20:00,2019-01-04,11:00,2,,,1/2 of sky,Orion,,,Japan,
205795,GAN,535,35.5052,139.625,35.366,2019-01-05,18:50,2019-01-05,09:50,2,,,clear,Orion,,,Japan,
205796,GAN,536,35.5052,139.625,35.366,2019-01-05,19:02,2019-01-05,10:02,2,,,clear,Orion,,,Japan,
205797,GAN,537,35.8597,139.989,23.9343,2019-01-05,19:14,2019-01-05,10:14,2,,,clear,Orion,,,Japan,
205798,GAN,538,35.8595,139.989,21.1357,2019-01-05,19:18,2019-01-05,10:18,2,,,clear,Orion,,,Japan,
205799,GAN,539,34.6073,137.179,16.6409,2019-01-05,19:21,2019-01-05,10:21,3,,,clear,Orion,,,Japan,
205800,GAN,540,35.7178,139.579,54.8101,2019-01-05,19:25,2019-01-05,10:25,2,,,1/4 of sky,Orion,,,Japan,
205801,GAN,541,35.9772,139.595,18.1589,2019-01-05,19:43,2019-01-05,10:43,2,,,clear,Orion,,,Japan,
205802,GAN,542,35.7326,139.75,26.0783,2019-01-05,19:51,2019-01-05,10:51,-9999,,,clear,Orion,,,Japan,
205804,GAN,544,35.7107,139.801,5.49999,2019-01-05,19:53,2019-01-05,10:53,2,,,clear,Orion,,,Japan,
205805,GAN,545,35.7276,139.879,3.69589,2019-01-05,19:55,2019-01-05,10:55,3,,,clear,Orion,,,Japan,
205806,GAN,546,35.7659,139.693,29.8989,2019-01-05,20:14,2019-01-05,11:14,2,,,clear,Orion,,,Japan,
205807,GAN,547,36.404,139.345,100.525,2019-01-05,20:21,2019-01-05,11:21,2,,,clear,Orion,,,Japan,
205808,GAN,548,35.7178,139.566,59.4304,2019-01-05,20:24,2019-01-05,11:24,3,,,clear,Orion,,,Japan,
205809,GAN,549,35.8439,139.435,66.3709,2019-01-05,20:26,2019-01-05,11:26,3,,,clear,Orion,,,Japan,
205810,GAN,550,35.931,140.166,15.876,2019-01-05,20:25,2019-01-05,11:25,2,,,clear,Orion,,,Japan,
205813,GAN,553,35.5779,139.685,18.3979,2019-01-05,20:32,2019-01-05,11:32,2,,,1/4 of sky,Orion,,,Japan,
205814,GAN,554,35.8425,139.677,7.9014,2019-01-05,20:36,2019-01-05,11:36,2,,,clear,Orion,,,Japan,
205815,GAN,555,35.8526,139.416,79.98,2019-01-05,20:40,2019-01-05,11:40,3,,,clear,Orion,,Date: 2019/01/05  Time: 20:41  Latitude: 35.85  Longitude: 139.42  Altitude: 79.98,Japan,
205816,GAN,557,35.8527,139.416,79.5001,2019-01-05,20:49,2019-01-05,11:49,3,,,clear,Orion,,,Japan,
205817,GAN,558,35.4907,139.636,11.0021,2019-01-05,20:46,2019-01-05,11:46,3,,,clear,Orion,,,Japan,
205818,GAN,559,35.644,140.114,32.1156,2019-01-05,21:03,2019-01-05,12:03,2,,,1/4 of sky,Orion,,,Japan,
205819,GAN,560,39.7815,140.073,17.7845,2019-01-05,21:06,2019-01-05,12:06,4,,,1/4 of sky,Orion,,,Japan,
205820,GAN,561,35.9596,139.968,12.6082,2019-01-05,21:11,2019-01-05,12:11,3,,,clear,Orion,,,Japan,
205821,GAN,562,35.6087,139.591,23.0767,2019-01-05,21:16,2019-01-05,12:16,-9999,,,1/4 of sky,Orion,,,Japan,
205822,GAN,563,35.857,139.649,21.8099,2019-01-05,21:11,2019-01-05,12:11,3,,,clear,Orion,,,Japan,
205823,GAN,564,35.9452,139.666,20.604,2019-01-05,21:27,2019-01-05,12:27,2,,,clear,Orion,,,Japan,
205824,GAN,565,35.783,139.718,8.5,2019-01-05,21:27,2019-01-05,12:27,2,,,1/4 of sky,Orion,,,Japan,
205825,GAN,566,36.2048,138.253,1.67633,2019-01-05,21:34,2019-01-05,12:34,2,,,clear,Orion,,,Japan,
205828,GAN,569,36.1136,139.796,15.6136,2019-01-05,21:50,2019-01-05,12:50,2,,,clear,Orion,,,Japan,
205829,GAN,570,35.9357,139.433,30.9576,2019-01-05,21:57,2019-01-05,12:57,2,,,clear,Orion,,,Japan,
205830,GAN,571,35.7265,139.695,31.0278,2019-01-05,22:13,2019-01-05,13:13,2,,,clear,Orion,,,Japan,
205831,GAN,573,36.1355,139.391,30.0526,2019-01-05,22:26,2019-01-05,13:26,3,,,clear,Orion,,,Japan,
205832,GAN,575,35.5249,138.742,846.225,2019-01-05,22:00,2019-01-05,13:00,5,,,clear,Orion,,,Japan,
205833,GAN,577,35.7041,139.62,49.8056,2019-01-04,21:30,2019-01-04,12:30,1,,,1/4 of sky,Orion,,,Japan,
205834,GAN,578,35.7642,139.998,28.634,2019-01-05,23:58,2019-01-05,14:58,2,,,clear,Orion,,,Japan,
205836,GAN,580,35.9932,139.439,17.4041,2019-01-05,21:45,2019-01-05,12:45,4,,,clear,Orion,I thought my location shows us full of stars because I didnt know the amount of the stars if it were not lights toward the sky.,The location doesnt have much light made by people. There are many paddy fields here.,Japan,
205837,GAN,581,35.7632,139.71,26.9578,2019-01-06,01:28,2019-01-05,16:28,-9999,,,clear,Orion,,,Japan,
205839,GAN,583,35.8254,139.805,7.21561,2019-01-05,21:45,2019-01-05,12:45,2,,,clear,Orion,,,Japan,
205840,GAN,584,35.6904,140.094,27.9758,2019-01-06,02:35,2019-01-05,17:35,1,,,1/2 of sky,Orion,,,Japan,
205854,GAN,599,35.7773,140.314,35.3797,2019-01-05,00:00,2019-01-05,00:00,3,,,1/4 of sky,Orion,,,Japan,
205855,GAN,600,35.7766,140.314,37.6004,2019-01-05,23:00,2019-01-05,14:00,3,,,1/4 of sky,Orion,,,Japan,
205875,GAN,621,34.12,139.521,73.9011,2019-01-01,21:00,2019-01-01,12:00,5,,,clear,Orion,,,Japan,
205877,GAN,623,35.8085,139.661,5.03545,2019-01-05,20:30,2019-01-05,11:30,2,,,1/4 of sky,Orion,,,Japan,
205880,GAN,626,35.6499,139.682,26.3908,2019-01-06,15:08,2019-01-06,06:08,1,,,1/4 of sky,Orion,,,Japan,
205881,GAN,627,35.6499,139.681,26.4484,2019-01-06,20:15,2019-01-06,11:15,1,,,1/4 of sky,Orion,,,Japan,
205882,GAN,628,35.5528,140.158,10.2327,2019-01-06,01:30,2019-01-05,16:30,3,,,1/4 of sky,Orion,,,Japan,
205883,GAN,629,35.7632,139.704,32.4675,2019-01-06,18:07,2019-01-06,09:07,1,,,1/2 of sky,Orion,,,Japan,
205884,GAN,630,35.5974,139.685,21.7025,2019-01-06,18:16,2019-01-06,09:16,1,,,1/4 of sky,Orion,,,Japan,
205885,GAN,631,35.9482,139.769,7.63838,2019-01-06,18:42,2019-01-06,09:42,2,,,1/4 of sky,Orion,,,Japan,
205886,GAN,632,35.8686,139.962,19.0922,2019-01-06,18:50,2019-01-06,09:50,-9999,,,over 1/2 of sky,Orion,,,Japan,
205887,GAN,633,33.87,132.816,204.086,2019-01-06,18:59,2019-01-06,09:59,1,,,clear,Orion,,,Japan,
205888,GAN,634,35.7043,139.755,7.61401,2019-01-06,19:02,2019-01-06,10:02,2,,,clear,Orion,,,Japan,
205889,GAN,635,35.6637,139.496,43.3291,2019-01-06,19:10,2019-01-06,10:10,2,,,1/4 of sky,Orion,,,Japan,
205890,GAN,636,35.4927,139.631,14.0,2019-01-06,19:15,2019-01-06,10:15,-9999,,,1/2 of sky,Orion,,,Japan,
205891,GAN,637,35.6623,139.801,1.3168,2019-01-06,19:16,2019-01-06,10:16,3,,,clear,Orion,,,Japan,
205892,GAN,638,35.7754,139.772,4.29806,2019-01-06,19:22,2019-01-06,10:22,-9999,,,1/4 of sky,Orion,,,Japan,
205893,GAN,639,35.7598,139.72,26.3009,2019-01-06,19:23,2019-01-06,10:23,-9999,,,1/2 of sky,Orion,,,Japan,
205894,GAN,640,35.9357,139.433,30.9576,2019-01-06,19:03,2019-01-06,10:03,3,,,1/4 of sky,Orion,,,Japan,
205895,GAN,641,35.4883,139.458,73.5807,2019-01-05,19:46,2019-01-05,10:46,2,,,clear,Orion,,,Japan,
205896,GAN,642,35.5228,139.656,32.5784,2019-01-06,20:03,2019-01-06,11:03,2,,,1/4 of sky,Orion,,,Japan,
205898,GAN,645,35.7397,139.669,43.4062,2019-01-06,20:11,2019-01-06,11:11,1,,,1/2 of sky,Orion,,,Japan,
205899,GAN,646,26.0948,127.699,25.724,2019-01-06,20:08,2019-01-06,11:08,2,,,1/4 of sky,Orion,,,Japan,
205901,GAN,649,35.8748,140.007,16.9824,2019-01-06,20:15,2019-01-06,11:15,2,,,clear,Orion,,,Japan,
205902,GAN,650,35.6506,139.541,38.2824,2019-01-06,20:22,2019-01-06,11:22,1,,,1/2 of sky,Orion,,,Japan,
205903,GAN,652,35.7201,139.761,13.9157,2019-01-06,20:48,2019-01-06,11:48,1,,,1/2 of sky,Orion,,urban location  Nothing car  Low place,Japan,
205904,GAN,653,32.6405,130.693,8.02373,2019-01-06,20:58,2019-01-06,11:58,3,,,1/4 of sky,Orion,,japan Kumamoto  prefecture uki city,Japan,
205905,GAN,654,36.0021,139.276,95.6269,2019-01-06,21:00,2019-01-06,12:00,3,,,over 1/2 of sky,Orion,,,Japan,
205906,GAN,655,35.6451,139.733,6.84322,2019-01-06,21:04,2019-01-06,12:04,3,,,clear,Orion,,,Japan,
205907,GAN,656,35.4529,139.635,0.0,2019-01-06,21:06,2019-01-06,12:06,2,,,clear,Orion,,,Japan,
205908,GAN,657,35.4529,139.635,0.0,2019-01-06,21:06,2019-01-06,12:06,2,,,clear,Orion,,,Japan,
205909,GAN,658,35.7911,139.669,4.43128,2019-01-06,21:04,2019-01-06,12:04,1,,,clear,Orion,,,Japan,
205910,GAN,659,35.7457,139.724,26.9969,2019-01-06,21:11,2019-01-06,12:11,-9999,,,clear,Orion,,,Japan,
205911,GAN,660,36.0658,139.522,16.0213,2019-01-06,21:25,2019-01-06,12:25,2,,,1/4 of sky,Orion,,,Japan,
205912,GAN,661,35.8433,139.801,4.66313,2019-01-06,21:25,2019-01-06,12:25,2,,,clear,Orion,,,Japan,
205913,GAN,662,35.6514,139.711,18.5812,2019-01-06,20:30,2019-01-06,11:30,2,,,clear,Orion,no cloudy,SHIBUYA,Japan,
205914,GAN,663,35.7466,139.619,41.7629,2019-01-06,21:19,2019-01-06,12:19,2,,,clear,Orion,,,Japan,
205915,GAN,664,35.714,139.408,87.8794,2019-01-06,21:22,2019-01-06,12:22,2,,,clear,Orion,,,Japan,
205916,GAN,665,35.6629,139.745,9.2404,2019-01-06,21:40,2019-01-06,12:40,2,,,clear,Orion,,,Japan,
205917,GAN,666,35.5373,139.657,9.44431,2019-01-06,21:50,2019-01-06,12:50,2,,,clear,Orion,,,Japan,
205918,GAN,667,35.6034,139.503,50.1171,2019-01-06,21:51,2019-01-06,12:51,2,,,1/4 of sky,Orion,,,Japan,
205919,GAN,668,35.6723,139.826,1.52355,2019-01-06,21:57,2019-01-06,12:57,2,,,1/4 of sky,Orion,,,Japan,
205920,GAN,669,35.7089,139.774,11.8764,2019-01-06,21:58,2019-01-06,12:58,-9999,,,clear,Orion,,,Japan,
205921,GAN,670,35.5593,139.729,4.5,2019-01-06,21:55,2019-01-06,12:55,1,,,clear,Orion,,,Japan,
205922,GAN,671,35.7304,139.733,15.7982,2019-01-06,22:02,2019-01-06,13:02,1,,,1/4 of sky,Orion,,,Japan,
205923,GAN,673,35.5593,139.729,4.5,2019-01-06,21:55,2019-01-06,12:55,1,,,clear,Orion,,,Japan,
205924,GAN,674,35.8358,139.956,28.1086,2019-01-06,22:04,2019-01-06,13:04,3,,,clear,Orion,,,Japan,
205925,GAN,675,35.7067,139.868,1.95672,2019-01-06,21:48,2019-01-06,12:48,2,,,1/2 of sky,Orion,,,Japan,
205926,GAN,676,31.3915,130.393,48.6095,2019-01-06,22:33,2019-01-06,13:33,4,,,clear,Orion,,,Japan,
205927,GAN,677,35.8095,140.166,27.5214,2019-01-06,21:45,2019-01-06,12:45,2,,,clear,Orion,,,Japan,
205928,GAN,679,35.761,139.718,27.3761,2019-01-06,22:49,2019-01-06,13:49,2,,,clear,Orion,,,Japan,
205929,GAN,680,35.7633,139.71,25.1157,2019-01-06,22:48,2019-01-06,13:48,2,,,clear,Orion,,,Japan,
205930,GAN,681,35.8298,139.807,8.08567,2019-01-06,22:55,2019-01-06,13:55,2,,,clear,Orion,,,Japan,
205931,GAN,682,35.7163,139.346,118.209,2019-01-06,22:55,2019-01-06,13:55,1,,,clear,Orion,,,Japan,
205932,GAN,683,35.7181,139.346,119.666,2019-01-06,22:59,2019-01-06,13:59,1,,,clear,Orion,,,Japan,
205933,GAN,684,35.9913,139.553,22.0666,2019-01-06,22:00,2019-01-06,13:00,3,,,clear,Orion,,,Japan,
205934,GAN,685,35.3299,139.404,9.42729,2019-01-05,23:25,2019-01-05,14:25,3,,,1/4 of sky,Orion,,,Japan,
205935,GAN,686,38.0366,140.724,17.5662,2019-01-06,23:30,2019-01-06,14:30,4,,,1/4 of sky,Orion,,,Japan,
205936,GAN,687,35.7689,139.7,29.2239,2019-01-05,21:33,2019-01-05,12:33,1,,,1/4 of sky,Orion,,,Japan,
205938,GAN,690,35.7704,139.743,4.7658,2019-01-07,00:00,2019-01-06,15:00,1,,,1/4 of sky,Orion,,,Japan,
205939,GAN,691,35.6999,139.746,15.1011,2019-01-06,23:59,2019-01-06,14:59,2,,,clear,Orion,,,Japan,
205940,GAN,692,35.7313,139.745,27.7032,2019-01-06,22:10,2019-01-06,13:10,2,,,clear,Orion,,,Japan,
205941,GAN,694,35.8213,139.789,6.19254,2019-01-07,21:30,2019-01-07,12:30,2,,,1/4 of sky,Orion,,,Japan,
205942,GAN,695,35.9359,139.775,8.95945,2019-01-07,00:21,2019-01-06,15:21,2,,,1/4 of sky,Orion,,,Japan,
205943,GAN,697,35.9359,139.775,8.95945,2019-01-07,21:39,2019-01-07,12:39,2,,,1/4 of sky,Orion,,,Japan,
205944,GAN,698,35.7528,139.733,20.0623,2019-01-06,21:30,2019-01-06,12:30,2,,,1/4 of sky,Orion,,,Japan,
205945,GAN,699,35.7909,139.668,6.47318,2019-01-06,21:25,2019-01-06,12:25,-9999,,,1/4 of sky,Orion,,,Japan,
205946,GAN,700,35.791,139.673,6.46728,2019-01-07,00:32,2019-01-06,15:32,2,,,1/4 of sky,Orion,,,Japan,
205947,GAN,701,35.9359,139.775,8.95945,2019-01-06,21:24,2019-01-06,12:24,2,,,1/4 of sky,Orion,,,Japan,
205948,GAN,702,35.9359,139.775,8.95945,2019-01-07,00:36,2019-01-06,15:36,4,,,clear,Orion,,,Japan,
205950,GAN,704,35.4417,139.351,49.1849,2019-01-06,21:40,2019-01-06,12:40,2,,,1/4 of sky,Orion,,,Japan,
205951,GAN,705,35.7607,139.705,32.2745,2019-01-07,01:35,2019-01-06,16:35,3,,,clear,Orion,,,Japan,
205952,GAN,708,35.7757,139.675,19.1389,2019-01-07,01:47,2019-01-06,16:47,2,,,clear,Orion,,,Japan,
205960,GAN,717,35.7252,139.74,25.3072,2019-01-07,21:00,2019-01-07,12:00,2,,,clear,Orion,,,Japan,
205976,GAN,740,35.4874,139.658,4.844,2019-01-06,22:44,2019-01-06,13:44,2,,,1/2 of sky,Orion,,,Japan,
205980,GAN,744,35.742,139.506,70.8635,2019-01-06,19:00,2019-01-06,10:00,3,,,clear,Orion,,,Japan,
206007,GAN,775,35.6973,139.691,28.6275,2019-01-07,21:55,2019-01-07,12:55,-9999,,,1/2 of sky,Orion,,,Japan,
206008,GAN,776,35.6973,139.691,28.6275,2019-01-07,21:55,2019-01-07,12:55,-9999,,,1/2 of sky,Orion,,,Japan,
206011,GAN,780,35.7849,139.675,5.57141,2019-01-06,20:35,2019-01-06,11:35,2,,,clear,Orion,,,Japan,
206013,GAN,782,35.671,139.605,47.8101,2019-01-07,21:05,2019-01-07,12:05,-9999,,,clear,Orion,,,Japan,
206014,GAN,783,35.671,139.605,47.8101,2019-01-07,21:05,2019-01-07,12:05,-9999,,,clear,Orion,,,Japan,
206015,GAN,784,35.6591,139.701,15.1866,2019-01-07,19:52,2019-01-07,10:52,1,,,1/4 of sky,Orion,,,Japan,
206016,GAN,785,35.7232,139.75,26.5277,2019-01-05,18:10,2019-01-05,09:10,-9999,,,clear,Orion,,,Japan,
206017,GAN,786,35.6714,139.605,47.4859,2019-01-06,21:05,2019-01-06,12:05,1,,,1/4 of sky,Orion,,,Japan,
206018,GAN,787,35.6591,139.701,15.1866,2019-01-05,19:52,2019-01-05,10:52,1,,,1/4 of sky,Orion,,,Japan,
206019,GAN,788,35.7772,139.721,8.5,2019-01-05,19:32,2019-01-05,10:32,-9999,,,1/4 of sky,Orion,,,Japan,
206020,GAN,789,35.7772,139.721,8.5,2019-01-05,19:32,2019-01-05,10:32,-9999,,,1/4 of sky,Orion,,,Japan,
206021,GAN,790,35.7766,139.603,40.3883,2019-01-05,22:30,2019-01-05,13:30,2,,,clear,Orion,,,Japan,
206022,GAN,791,35.5298,139.702,18.0,2019-01-06,20:30,2019-01-06,11:30,1,,,1/2 of sky,Orion,,,Japan,
206024,GAN,793,35.6212,140.137,13.8341,2019-01-06,20:04,2019-01-06,11:04,3,,,1/4 of sky,Orion,,,Japan,
206028,GAN,797,35.6911,139.689,40.5284,2019-01-04,17:37,2019-01-04,08:37,-9999,,,1/4 of sky,Orion,1,,Japan,
206029,GAN,798,36.3606,138.198,473.548,2019-01-06,23:15,2019-01-06,14:15,5,,,1/4 of sky,Orion,,"Unfortunately I see the clear sky from my country SIODA,so I don't have to sleep...oh and eat tonight. Cause I want to know more knowledge of Star in the night sky.",Japan,
206030,GAN,799,35.7236,139.75,26.9655,2019-01-07,17:26,2019-01-07,08:26,-9999,,,clear,Orion,,,Japan,
206031,GAN,800,35.7251,139.751,27.2226,2019-01-07,18:04,2019-01-07,09:04,2,,,1/4 of sky,Orion,,,Japan,
206032,GAN,801,35.7251,139.751,27.2226,2019-01-05,20:04,2019-01-05,11:04,2,,,1/4 of sky,Orion,,,Japan,
206033,GAN,803,34.9917,135.734,18.3402,2019-01-02,18:19,2019-01-02,09:19,1,,,1/4 of sky,Orion,,,Japan,
206034,GAN,805,35.7688,139.702,24.603,2019-01-07,18:37,2019-01-07,09:37,-9999,,,1/4 of sky,Orion,,,Japan,
206035,GAN,806,35.7404,139.477,76.8758,2019-01-07,19:01,2019-01-07,10:01,1,,,clear,Orion,,,Japan,
206036,GAN,807,35.8587,139.983,24.655,2019-01-07,19:08,2019-01-07,10:08,-9999,,,1/4 of sky,Orion,,,Japan,
206037,GAN,809,35.9359,139.775,8.95945,2019-01-07,19:24,2019-01-07,10:24,3,,,clear,Orion,,,Japan,
206038,GAN,810,35.7853,139.786,5.39791,2019-01-07,19:26,2019-01-07,10:26,1,,,1/2 of sky,Orion,,,Japan,
206039,GAN,812,35.722,139.751,23.0523,2019-01-07,19:34,2019-01-07,10:34,1,,,1/4 of sky,Orion,,,Japan,
206040,GAN,813,35.7761,139.696,27.8943,2019-01-07,19:34,2019-01-07,10:34,2,,,clear,Orion,,,Japan,
206041,GAN,814,35.099,138.903,19.0725,2019-01-07,19:46,2019-01-07,10:46,1,,,over 1/2 of sky,Orion,,,Japan,
206042,GAN,815,35.099,138.903,19.0725,2019-01-07,19:46,2019-01-07,10:46,1,,,over 1/2 of sky,Orion,,,Japan,
206043,GAN,816,35.8915,139.497,13.4554,2019-01-07,19:57,2019-01-07,10:57,1,,,over 1/2 of sky,Orion,,,Japan,
206044,GAN,817,35.5157,139.682,1.97178,2019-01-07,19:56,2019-01-07,10:56,2,,,1/4 of sky,Orion,,,Japan,
206045,GAN,818,35.5157,139.682,1.97178,2019-01-07,19:56,2019-01-07,10:56,2,,,1/4 of sky,Orion,,,Japan,
206046,GAN,819,35.6812,139.767,1.09675,2019-01-07,19:57,2019-01-07,10:57,2,,,1/4 of sky,Orion,,,Japan,
206047,GAN,820,35.5382,139.759,4.33869,2019-01-07,19:58,2019-01-07,10:58,-9999,,,clear,Orion,,,Japan,
206048,GAN,821,35.7233,139.751,25.0065,2019-01-07,19:59,2019-01-07,10:59,2,,,1/4 of sky,Orion,,,Japan,
206049,GAN,822,35.7237,139.751,24.0205,2019-01-07,19:59,2019-01-07,10:59,1,,,clear,Orion,,,Japan,
206050,GAN,824,35.7215,139.752,21.0574,2019-01-07,19:54,2019-01-07,10:54,-9999,,,1/4 of sky,Orion,,,Japan,
206051,GAN,825,35.7232,139.75,25.6483,2019-01-07,20:04,2019-01-07,11:04,-9999,,,clear,Orion,,,Japan,
206052,GAN,826,35.7158,139.974,19.9442,2019-01-07,19:59,2019-01-07,10:59,-9999,,,1/2 of sky,Orion,,,Japan,
206053,GAN,827,35.7238,139.75,25.3981,2019-01-07,20:08,2019-01-07,11:08,-9999,,,1/4 of sky,Orion,,,Japan,
206054,GAN,828,35.4883,139.642,10.3976,2019-01-07,20:11,2019-01-07,11:11,2,,,1/2 of sky,Orion,,,Japan,
206055,GAN,829,35.743,139.648,42.3158,2019-01-07,20:12,2019-01-07,11:12,2,,,1/4 of sky,Orion,,,Japan,
206056,GAN,830,35.8734,139.637,16.9169,2019-01-07,20:37,2019-01-07,11:37,3,,,1/4 of sky,Orion,,,Japan,
206057,GAN,831,35.3424,139.482,14.2023,2019-01-07,20:41,2019-01-07,11:41,2,,,1/2 of sky,Orion,,,Japan,
206058,GAN,832,35.3752,139.577,49.4169,2019-01-07,20:27,2019-01-07,11:27,-9999,,,1/2 of sky,Orion,,,Japan,
206059,GAN,833,35.8255,139.705,6.0,2019-01-07,20:56,2019-01-07,11:56,2,,,clear,Orion,,,Japan,
206060,GAN,834,35.4417,139.351,49.0473,2019-01-06,21:30,2019-01-06,12:30,2,,,1/2 of sky,Orion,,,Japan,
206061,GAN,835,35.6816,139.769,3.72714,2019-01-07,21:11,2019-01-07,12:11,1,,,clear,Orion,,,Japan,
206062,GAN,836,35.856,139.976,25.6765,2019-01-07,21:12,2019-01-07,12:12,3,,,clear,Orion,,,Japan,
206063,GAN,837,35.6155,140.162,31.3849,2019-01-07,21:22,2019-01-07,12:22,3,,,clear,Orion,,,Japan,
206064,GAN,838,35.7167,139.753,8.58112,2019-01-07,21:25,2019-01-07,12:25,-9999,,,1/4 of sky,Orion,,,Japan,
206065,GAN,839,35.7203,139.751,11.6676,2019-01-07,21:26,2019-01-07,12:26,-9999,,,1/4 of sky,Orion,,,Japan,
206066,GAN,840,35.3824,139.507,50.5787,2019-01-07,21:25,2019-01-07,12:25,3,,,1/4 of sky,Orion,,,Japan,
206067,GAN,841,35.762,139.916,26.5488,2019-01-07,21:25,2019-01-07,12:25,3,,,1/2 of sky,Orion,,,Japan,
206068,GAN,842,35.671,139.6,51.9803,2019-01-07,21:25,2019-01-07,12:25,1,,,1/4 of sky,Orion,,,Japan,
206069,GAN,844,35.7704,139.743,4.7658,2019-01-07,21:33,2019-01-07,12:33,1,,,1/2 of sky,Orion,,,Japan,
206070,GAN,846,35.7704,139.743,4.7658,2019-01-07,21:44,2019-01-07,12:44,1,,,over 1/2 of sky,Orion,,,Japan,
206071,GAN,848,35.93,139.773,7.38585,2019-01-07,21:48,2019-01-07,12:48,2,,,1/4 of sky,Orion,,,Japan,
206072,GAN,849,35.7258,139.611,47.0856,2019-01-07,21:58,2019-01-07,12:58,2,,,clear,Orion,,,Japan,
206073,GAN,850,35.7167,139.935,3.51759,2019-01-07,21:58,2019-01-07,12:58,-9999,,,clear,Orion,,,Japan,
206075,GAN,852,35.7167,139.935,3.51759,2019-01-07,21:58,2019-01-07,12:58,-9999,,,clear,Orion,,,Japan,
206076,GAN,853,35.7234,139.683,33.4354,2019-01-07,22:29,2019-01-07,13:29,2,,,1/4 of sky,Orion,,,Japan,
206079,GAN,856,35.9125,139.48,24.0064,2019-01-07,22:42,2019-01-07,13:42,1,,,1/2 of sky,Orion,,,Japan,
206083,GAN,861,35.709,139.732,5.46657,2019-01-07,22:56,2019-01-07,13:56,7,,,clear,Orion,,,Japan,
206086,GAN,864,35.7084,139.773,5.96201,2019-01-07,23:10,2019-01-07,14:10,1,,,1/4 of sky,Orion,,,Japan,
206088,GAN,871,35.6756,139.481,61.1848,2019-01-07,23:30,2019-01-07,14:30,1,,,1/4 of sky,Orion,,,Japan,
206089,GAN,872,35.7124,139.451,88.0917,2019-01-07,23:57,2019-01-07,14:57,2,,,clear,Orion,,,Japan,
206095,GAN,878,35.5466,139.439,83.6124,2019-01-07,22:57,2019-01-07,13:57,-9999,,,1/4 of sky,Orion,,,Japan,
206098,GAN,882,35.728,139.752,25.3136,2019-01-07,23:15,2019-01-07,14:15,-9999,,,over 1/2 of sky,Orion,,,Japan,
206099,GAN,883,36.3808,140.249,43.1834,2019-01-07,19:00,2019-01-07,10:00,3,,,clear,Orion,,,Japan,
206100,GAN,886,35.6531,139.747,4.22325,2019-01-07,21:10,2019-01-07,12:10,1,,,clear,Orion,,,Japan,
206103,GAN,890,35.7236,139.75,26.9655,2019-01-07,00:00,2019-01-07,00:00,1,,,clear,Orion,,,Japan,
206113,GAN,902,35.8192,139.104,683.785,2019-01-07,11:08,2019-01-07,02:08,3,,,clear,Orion,,,Japan,
206115,GAN,904,35.8353,139.651,7.75641,2019-01-07,20:00,2019-01-07,11:00,1,,,clear,Orion,,,Japan,
206117,GAN,907,35.7784,139.683,5.49963,2019-01-07,00:00,2019-01-07,00:00,3,,,1/4 of sky,Orion,,,Japan,
206126,GAN,917,35.2756,140.308,65.0885,2019-01-02,21:00,2019-01-02,12:00,3,,,1/4 of sky,Orion,,,Japan,
206130,GAN,922,35.6988,139.773,5.46707,2019-01-07,20:04,2019-01-07,11:04,-9999,,,1/2 of sky,Orion,,,Japan,
206131,GAN,923,35.7946,139.68,4.49408,2019-01-07,22:00,2019-01-07,13:00,2,,,clear,Orion,,,Japan,
206132,GAN,924,35.7378,139.707,28.8674,2019-01-07,00:00,2019-01-07,00:00,3,,,1/4 of sky,Orion,,,Japan,
206133,GAN,926,35.7812,139.686,4.69488,2019-01-08,19:35,2019-01-08,10:35,1,,,clear,Orion,,,Japan,
206134,GAN,927,35.4536,139.644,2.8,2019-01-02,20:04,2019-01-02,11:04,2,,,1/4 of sky,Orion,,,Japan,
206135,GAN,930,35.7237,139.75,25.6946,2019-01-07,21:45,2019-01-07,12:45,-9999,,,1/4 of sky,Orion,,,Japan,
206136,GAN,933,35.6267,139.885,6.5,2019-01-03,19:00,2019-01-03,10:00,3,,,clear,Orion,,,Japan,
206137,GAN,934,36.0855,140.115,25.7665,2019-01-06,20:03,2019-01-06,11:03,4,,,clear,Orion,,,Japan,
206138,GAN,937,35.7911,139.673,5.06145,2019-01-07,21:44,2019-01-07,12:44,1,,,1/2 of sky,Orion,,,Japan,
206139,GAN,938,35.8525,139.641,11.9781,2019-01-07,00:26,2019-01-06,15:26,1,,,clear,Orion,,,Japan,
206146,GAN,952,35.7645,139.69,32.8754,2019-01-05,00:00,2019-01-05,00:00,-9999,,,1/2 of sky,Orion,,,Japan,
206148,GAN,954,37.4163,138.844,27.0035,2019-01-05,21:45,2019-01-05,12:45,5,,,clear,Orion,,,Japan,
206150,GAN,956,35.7318,139.737,27.6664,2019-01-05,23:48,2019-01-05,14:48,2,,,clear,Orion,,,Japan,
206151,GAN,958,35.7445,139.742,28.8546,2019-01-02,21:00,2019-01-02,12:00,2,,,clear,Orion,,,Japan,
206152,GAN,959,35.7445,139.742,28.8546,2019-01-02,21:00,2019-01-02,12:00,2,,,clear,Orion,,,Japan,
206153,GAN,960,35.7101,139.811,2.70932,2019-01-04,21:00,2019-01-04,12:00,-9999,,,clear,Orion,,,Japan,
206154,GAN,962,35.5222,140.353,7.8042,2019-01-09,20:51,2019-01-09,11:51,3,,,clear,Orion,,,Japan,
206156,GAN,964,35.6895,139.692,37.153,2019-01-06,21:59,2019-01-06,12:59,2,,,clear,Orion,,,Japan,
206157,GAN,965,42.638,141.924,39.9449,2019-01-02,22:17,2019-01-02,13:17,5,,,clear,Taurus,,,Japan,
206158,GAN,966,36.0059,139.19,874.535,2019-01-02,23:30,2019-01-02,14:30,2,,,clear,Orion,,,Japan,
206159,GAN,969,35.6104,139.366,148.644,2019-01-05,00:03,2019-01-04,15:03,3,,,clear,Orion,,,Japan,
206160,GAN,970,35.6105,139.366,162.214,2019-01-07,21:10,2019-01-07,12:10,3,,,clear,Orion,,,Japan,
206162,GAN,973,35.78,139.689,5.39942,2019-01-03,21:07,2019-01-03,12:07,-9999,,,1/4 of sky,Orion,,,Japan,
206173,GAN,987,35.7151,139.503,78.4518,2019-01-07,20:23,2019-01-07,11:23,1,,,1/4 of sky,Orion,,,Japan,
206177,GAN,995,35.7636,139.709,24.78,2019-01-10,16:31,2019-01-10,07:31,2,,,clear,Orion,,,Japan,
206178,GAN,996,35.7232,139.751,25.0919,2019-01-07,20:31,2019-01-07,11:31,1,,,1/2 of sky,Orion,,,Japan,
206179,GAN,997,36.2601,137.954,777.275,2019-01-01,02:00,2018-12-31,17:00,5,,,clear,Orion,,,Japan,
206180,GAN,998,35.7236,139.755,26.7765,2019-01-07,20:00,2019-01-07,11:00,-9999,,,clear,Orion,,,Japan,
206181,GAN,999,35.7214,139.703,35.3081,2019-01-07,20:00,2019-01-07,11:00,2,,,clear,Orion,,,Japan,
206182,GAN,1001,35.9774,139.593,18.6594,2019-01-10,19:34,2019-01-10,10:34,-9999,,,over 1/2 of sky,Orion,,,Japan,
206183,GAN,1002,35.6089,140.125,3.50945,2019-01-07,22:20,2019-01-07,13:20,2,,,clear,Orion,,,Japan,
206184,GAN,1003,35.8077,139.724,4.83188,2019-01-10,20:46,2019-01-10,11:46,4,,,1/2 of sky,Orion,,,Japan,
206188,GAN,1008,38.2404,140.364,199.04,2019-01-03,21:30,2019-01-03,12:30,4,,,1/4 of sky,Orion,,,Japan,
206189,GAN,1009,38.2404,140.364,199.04,2019-01-03,21:30,2019-01-03,12:30,4,,,1/4 of sky,Orion,,,Japan,
206190,GAN,1010,35.733,139.882,4.99618,2019-01-07,22:30,2019-01-07,13:30,1,,,clear,Orion,,,Japan,
206191,GAN,1011,35.733,139.882,4.99618,2019-01-07,21:00,2019-01-07,12:00,1,,,clear,Orion,,,Japan,
206192,GAN,1012,35.725,139.715,32.7738,2019-01-07,22:42,2019-01-07,13:42,1,,,1/2 of sky,Orion,,,Japan,
206314,GAN,1193,35.1631,137.027,74.1978,2019-01-13,20:12,2019-01-13,11:12,3,,,clear,Orion,No clouds.,"big urban park,about 10 street lights around the park.",Japan,
206423,GAN,1398,35.6848,140.002,0.820129,2019-01-26,22:19,2019-01-26,13:19,3,,,clear,Orion,No clouds!,Much street lights even in the night time!,Japan,
206424,GAN,1399,35.6848,140.002,0.820129,2019-01-26,22:19,2019-01-26,13:19,3,,,clear,Orion,No clouds!,Much street lights even in the night time!,Japan,
206425,GAN,1400,36.0834,140.118,25.7486,2019-01-27,18:51,2019-01-27,09:51,4,,,clear,Orion,,,Japan,
206426,SQM,1401,33.5304,133.825,116.27,2019-01-27,21:19,2019-01-27,12:19,6,21.15,,clear,Orion,,,Japan,
206427,GAN,1402,33.554,130.406,17.4036,2019-01-27,21:26,2019-01-27,12:26,2,,,clear,Orion,,,Japan,
206428,GAN,1403,35.7226,139.745,26.4539,2019-01-27,21:00,2019-01-27,12:00,4,,,clear,Orion,,,Japan,
206429,GAN,1405,33.5979,130.41,10.748,2019-01-27,22:54,2019-01-27,13:54,2,,,clear,Orion,,,Japan,
206447,GAN,1425,33.1742,132.793,84.4321,2019-01-27,19:45,2019-01-27,10:45,6,,,clear,Orion,In low humidity was fine weather,"Few street lights it the surrounding area Shimanto Astronomical Observatory, overlooking a relatively wide sky.",Japan,
206477,GAN,1461,35.6848,140.003,1.48888,2019-01-27,22:10,2019-01-27,13:10,3,,,clear,Orion,"Clear, cold & windy",many street lights,Japan,
206482,GAN,1467,43.0621,141.354,32.2576,2019-01-27,20:51,2019-01-27,11:51,2,,,clear,Orion,,Snow cover  Street light enhancement,Japan,
206502,GAN,1491,36.0834,140.118,25.7486,2019-01-27,18:51,2019-01-27,09:51,4,,,clear,Orion,,,Japan,
206530,GAN,1524,36.0832,140.118,25.7898,2019-01-29,18:43,2019-01-29,09:43,4,,,clear,Orion,,,Japan,
206531,SQM,1525,36.0631,137.9,796.205,2019-01-29,19:10,2019-01-29,10:10,4,20.3,7532,1/4 of sky,Orion,,,Japan,
206532,SQM,1526,36.0135,137.859,884.798,2019-01-29,19:28,2019-01-29,10:28,5,20.45,7532,1/4 of sky,Orion,,,Japan,
206533,GAN,1527,36.2857,139.383,41.558,2019-01-28,00:00,2019-01-28,00:00,4,,,1/4 of sky,Orion,,,Japan,
206534,SQM,1528,35.9604,137.809,953.611,2019-01-29,19:48,2019-01-29,10:48,5,20.59,7532,clear,Orion,,,Japan,
206535,SQM,1529,35.9348,137.81,1052.1,2019-01-29,20:02,2019-01-29,11:02,5,20.93,7532,clear,Orion,,,Japan,
206536,GAN,1530,33.5363,133.528,187.888,2019-01-29,20:04,2019-01-29,11:04,3,,,clear,Orion,,,Japan,
206537,SQM,1531,36.046,137.703,1330.15,2019-01-29,20:42,2019-01-29,11:42,6,21.11,7532,clear,Orion,,,Japan,
206540,GAN,1536,34.5925,133.768,1.81264,2019-01-29,22:59,2019-01-29,13:59,4,,,clear,Orion,,,Japan,
206541,GAN,1538,43.1472,141.361,5.67028,2019-01-27,21:00,2019-01-27,12:00,4,,,clear,Orion,,,Japan,
206560,GAN,1564,35.3053,137.839,315.984,2019-01-29,20:32,2019-01-29,11:32,4,,,clear,Orion,,,Japan,
206583,SQM,1588,35.9103,137.999,728.911,2019-01-30,19:32,2019-01-30,10:32,4,19.92,7532,clear,Orion,,,Japan,
206584,SQM,1589,35.8376,138.052,724.815,2019-01-30,19:58,2019-01-30,10:58,5,20.45,,clear,Orion,,,Japan,
206585,SQM,1590,35.78,138.133,975.144,2019-01-30,20:40,2019-01-30,11:40,6,21.13,7532,clear,Orion,,,Japan,
206625,GAN,1634,34.9697,138.401,25.1037,2019-01-30,19:07,2019-01-30,10:07,3,,,clear,Orion,,,Japan,
206626,GAN,1636,34.6797,134.929,17.148,2019-01-29,20:10,2019-01-29,11:10,3,,,clear,Orion,,,Japan,
206627,GAN,1640,33.516,133.515,55.2952,2019-01-31,20:15,2019-01-31,11:15,4,,,clear,Orion,,,Japan,
206651,GAN,1675,36.0215,136.582,587.489,2019-01-30,18:45,2019-01-30,09:45,7,,,clear,Orion,,,Japan,
206669,SQM,1698,36.1279,137.863,833.666,2019-02-01,19:26,2019-02-01,10:26,4,19.75,,clear,Orion,,,Japan,
206670,SQM,1699,36.1808,137.86,767.543,2019-02-01,19:46,2019-02-01,10:46,4,19.93,7532,clear,Orion,,,Japan,
206672,SQM,1702,36.2397,137.833,789.812,2019-02-01,20:21,2019-02-01,11:21,5,20.3,7532,clear,Orion,,,Japan,
206674,GAN,1704,35.7015,139.593,55.4002,2019-01-29,20:28,2019-01-29,11:28,3,,,clear,Orion,,,Japan,
206675,SQM,1705,36.2526,137.929,586.332,2019-02-01,20:45,2019-02-01,11:45,3,18.88,7532,clear,Orion,,,Japan,
206677,GAN,1707,35.3302,134.109,209.576,2019-02-01,20:55,2019-02-01,11:55,6,,,clear,Orion,,,Japan,
206678,SQM,1710,35.3308,134.074,278.708,2019-02-01,21:10,2019-02-01,12:10,6,21.01,,clear,Orion,,,Japan,
206679,SQM,1711,35.327,134.04,399.38,2019-02-01,21:25,2019-02-01,12:25,6,21.06,,clear,Orion,,,Japan,
206700,GAN,1740,35.1096,137.118,97.3997,2019-02-01,19:40,2019-02-01,10:40,3,,,clear,Orion,,,Japan,
206713,GAN,1756,35.0145,135.772,45.2763,2019-02-02,19:30,2019-02-02,10:30,3,,,clear,Orion,,,Japan,
206714,GAN,1757,26.6399,142.161,5.21888,2019-02-02,19:05,2019-02-02,10:05,5,,,over 1/2 of sky,Orion,,,Japan,
206715,GAN,1758,26.6369,142.157,11.9422,2019-02-02,19:15,2019-02-02,10:15,-9999,,,over 1/2 of sky,Orion,,,Japan,
206716,GAN,1759,26.6399,142.161,5.02213,2019-01-31,19:00,2019-01-31,10:00,-9999,,,over 1/2 of sky,Orion,,,Japan,
206718,GAN,1761,39.4099,140.58,81.5277,2019-02-02,20:30,2019-02-02,11:30,4,,,clear,Orion,,,Japan,
206719,GAN,1762,39.2942,140.545,71.1161,2019-02-02,19:30,2019-02-02,10:30,4,,,clear,Orion,,,Japan,
206750,GAN,1799,35.9319,139.6,10.796,2019-02-02,20:15,2019-02-02,11:15,3,,,clear,Orion,,,Japan,
206764,GAN,1813,31.9145,131.434,8.05037,2019-02-01,19:15,2019-02-01,10:15,4,,,clear,Orion,No cluod,Miyazaki Science Center,Japan,
206765,GAN,1814,35.4039,136.731,11.1078,2019-01-27,18:45,2019-01-27,09:45,2,,,clear,Orion,,,Japan,
206769,GAN,1824,36.8006,139.846,293.249,2019-02-03,19:40,2019-02-03,10:40,4,,,1/4 of sky,Orion,,,Japan,
206770,GAN,1825,36.8006,139.846,293.249,2019-02-03,19:40,2019-02-03,10:40,4,,,1/4 of sky,Orion,,,Japan,
206825,GAN,1883,36.5558,138.358,1526.48,2019-01-30,19:30,2019-01-30,10:30,6,,,clear,Orion,,,Japan,
206829,GAN,1887,35.0288,136.584,50.6392,2019-02-03,22:10,2019-02-03,13:10,3,,,1/2 of sky,Orion,,,Japan,
206855,GAN,1921,42.8828,141.862,113.021,2019-02-02,23:35,2019-02-02,14:35,4,,,1/4 of sky,Orion,,,Japan,
206907,GAN,1977,36.2128,133.328,19.5241,2019-02-04,21:00,2019-02-04,12:00,4,,,clear,Orion,,,Japan,
206908,SQM,1978,35.5134,137.877,419.554,2019-02-05,03:07,2019-02-04,18:07,6,20.09,06Fa,clear,Orion,,,Japan,
206911,SQM,1981,35.4466,137.885,784.849,2019-01-17,03:10,2019-01-16,18:10,6,21.37,06Fa,clear,Orion,,,Japan,
206917,GAN,1992,33.543,133.243,204.338,2019-01-29,20:00,2019-01-29,11:00,5,,,clear,Orion,,,Japan,
206919,GAN,1995,35.0195,135.746,46.577,2019-02-05,19:04,2019-02-05,10:04,4,,,clear,Orion,,,Japan,
206920,GAN,1996,35.0195,135.746,46.577,2019-02-05,19:04,2019-02-05,10:04,4,,,clear,Orion,,,Japan,
206921,SQM,1997,36.2582,138.136,1098.57,2019-02-05,19:37,2019-02-05,10:37,4,20.63,0845,clear,Orion,Horizon (mountain ridge in the north) is slightly bright due to the city light of Ueda-city,"A gateway to Utsukushigahara. In winter season, end of the snow cleared road.  Enough parking lot. There is no street lights around.",Japan,
206925,GAN,2003,39.2976,140.543,59.2779,2019-02-02,19:30,2019-02-02,10:30,3,,,clear,Orion,,,Japan,
206926,GAN,2004,36.102,140.1,28.0902,2019-02-05,23:02,2019-02-05,14:02,3,,,1/4 of sky,Orion,,,Japan,
206953,GAN,2036,36.3142,139.337,56.9345,2019-02-02,19:32,2019-02-02,10:32,4,,,1/4 of sky,Orion,,Otauchunokai at Ota-shi Kodomokan,Japan,
206956,GAN,2040,33.0735,130.535,77.2962,2019-02-04,20:30,2019-02-04,11:30,4,,,clear,Orion,,"suburban (Refres Omuta, Omuta sity, Fukuoka Prefecture)  There is an industrial area nearby.",Japan,
207007,GAN,2098,26.332,127.929,5.22191,2019-01-30,20:30,2019-01-30,11:30,4,,,clear,Orion,,,Japan,
207032,SQM,2131,35.5133,137.877,419.902,2019-02-04,21:00,2019-02-04,12:00,6,20.09,06Fa,clear,Orion,,,Japan,
207063,GAN,2168,36.1711,137.882,680.472,2019-02-01,20:00,2019-02-01,11:00,4,,,clear,Orion,"We could see the Milky Way, fairly well last night.",2061-1  yamagatamura vill. nagano pre. japan,Japan,
207064,GAN,2170,34.8872,132.077,112.002,2019-02-05,20:22,2019-02-05,11:22,4,,,1/4 of sky,Orion,"It was very fine in the daytime.  At night, thin clouds came out.  The sky was covered with a thin cloud as a whole.",We did observation of the starry sky in winter. There were nine participants.   Participants were three adults and six children.  We used binoculars to observe the Pleiades clusters.,Japan,
207066,GAN,2174,34.7893,131.943,8.58762,2019-01-27,19:55,2019-01-27,10:55,5,,,clear,Orion,The night sky had no clouds and was very clear.,The observation place is a residential area near the Sea of Japan.,Japan,
207067,GAN,2175,37.3093,138.711,69.3061,2019-02-07,21:51,2019-02-07,12:51,5,,,clear,Orion,,,Japan,
207121,GAN,2249,32.7411,131.098,691.412,2019-02-06,00:00,2019-02-06,00:00,6,,,clear,Orion,,,Japan,
207122,GAN,2250,32.7411,131.098,691.412,2019-02-04,00:00,2019-02-04,00:00,6,,,clear,Orion,,,Japan,
207132,GAN,2266,38.7222,141.214,8.58424,2019-01-27,19:20,2019-01-27,10:20,5,,,clear,Orion,,,Japan,
207133,GAN,2267,38.7415,141.238,7.94965,2019-01-27,19:50,2019-01-27,10:50,5,,,clear,Orion,,,Japan,
207148,GAN,2292,35.5594,139.393,116.178,2019-01-30,19:30,2019-01-30,10:30,3,,,clear,Orion,,,Japan,
207195,GAN,2366,36.6353,138.178,359.951,2019-02-05,19:05,2019-02-05,10:05,3,,,clear,Orion,,,Japan,
207211,GAN,2394,36.1371,139.387,30.9319,2019-02-07,19:30,2019-02-07,10:30,3,,,clear,Orion,,,Japan,
207213,SQM,2396,35.8456,137.698,811.92,2019-01-30,19:18,2019-01-30,10:18,4,20.08,,clear,Orion,,,Japan,
207214,SQM,2397,35.8456,137.698,811.92,2019-01-30,19:18,2019-01-30,10:18,5,20.09,,clear,Orion,,,Japan,
207215,SQM,2398,35.8456,137.698,811.92,2019-01-30,19:20,2019-01-30,10:20,5,20.1,,clear,Orion,,Ksiso-Seiho High School.,Japan,
207271,GAN,2484,34.6557,135.055,67.3571,2019-01-26,19:00,2019-01-26,10:00,3,,,clear,Orion,,,Japan,
207272,GAN,2485,34.6554,135.056,94.1751,2019-01-27,18:44,2019-01-27,09:44,3,,,clear,Orion,,,Japan,
207273,GAN,2486,34.6554,135.055,94.624,2019-01-29,23:30,2019-01-29,14:30,2,,,1/4 of sky,Orion,,,Japan,
207274,GAN,2487,34.6554,135.055,94.2996,2019-01-30,19:59,2019-01-30,10:59,2,,,1/2 of sky,Orion,,,Japan,
207275,GAN,2488,34.656,135.055,94.6812,2019-02-01,21:55,2019-02-01,12:55,3,,,1/4 of sky,Orion,,,Japan,
207276,GAN,2489,34.656,135.055,94.6812,2019-02-02,18:55,2019-02-02,09:55,3,,,clear,Orion,,,Japan,
207277,GAN,2490,34.656,135.055,94.6812,2019-02-04,20:50,2019-02-04,11:50,2,,,1/2 of sky,Orion,,,Japan,
207278,GAN,2491,34.656,135.055,62.184,2019-02-05,21:28,2019-02-05,12:28,3,,,1/4 of sky,Orion,,,Japan,
207279,GAN,2492,34.698,135.035,93.774,2019-01-26,19:30,2019-01-26,10:30,3,,,clear,Orion,,,Japan,
207280,GAN,2493,34.6992,135.03,94.0102,2019-01-27,18:44,2019-01-27,09:44,3,,,clear,Orion,,,Japan,
207281,GAN,2494,34.6992,135.03,94.0102,2019-01-29,21:58,2019-01-29,12:58,2,,,1/4 of sky,Orion,,,Japan,
207283,GAN,2496,34.6992,135.03,94.0102,2019-02-01,22:20,2019-02-01,13:20,3,,,1/4 of sky,Orion,,,Japan,
207284,GAN,2497,34.6992,135.03,94.0102,2019-02-02,19:20,2019-02-02,10:20,3,,,clear,Orion,,,Japan,
207285,GAN,2498,34.6992,135.03,94.0102,2019-02-04,21:20,2019-02-04,12:20,2,,,1/2 of sky,Orion,,,Japan,
207286,GAN,2499,34.6992,135.03,116.291,2019-02-05,23:00,2019-02-05,14:00,2,,,1/2 of sky,Orion,,,Japan,
207287,GAN,2500,34.5179,134.989,6.35536,2019-01-26,21:30,2019-01-26,12:30,4,,,clear,Orion,,,Japan,
207288,GAN,2501,34.5179,134.989,0.0,2019-01-27,23:29,2019-01-27,14:29,4,,,clear,Orion,,,Japan,
207289,GAN,2502,34.5179,134.989,6.35536,2019-01-28,21:21,2019-01-28,12:21,4,,,clear,Orion,,,Japan,
207290,GAN,2503,34.5179,134.989,6.35536,2019-01-29,22:12,2019-01-29,13:12,4,,,clear,Orion,,,Japan,
207291,GAN,2504,34.5179,134.989,6.74604,2019-02-01,22:12,2019-02-01,13:12,3,,,1/4 of sky,Orion,,,Japan,
207292,GAN,2505,34.5179,134.989,6.35536,2019-02-02,21:25,2019-02-02,12:25,4,,,clear,Orion,,,Japan,
207293,GAN,2506,34.5179,134.989,6.35536,2019-02-06,22:13,2019-02-06,13:13,4,,,clear,Orion,,,Japan,
207294,GAN,2507,34.4161,134.793,58.2237,2019-01-26,22:46,2019-01-26,13:46,5,,,clear,Orion,,,Japan,
207295,GAN,2508,34.4196,134.787,27.9602,2019-01-29,00:00,2019-01-29,00:00,5,,,clear,Orion,,,Japan,
207296,GAN,2509,34.4193,134.786,23.6639,2019-02-01,22:38,2019-02-01,13:38,5,,,1/4 of sky,Orion,,,Japan,
207297,GAN,2510,34.4195,134.786,26.961,2019-02-02,21:40,2019-02-02,12:40,6,,,clear,Orion,,,Japan,
207298,GAN,2511,34.4198,134.786,28.6475,2019-02-05,21:04,2019-02-05,12:04,3,,,1/2 of sky,Orion,,,Japan,
207369,GAN,2644,33.048,131.245,840.382,2019-02-25,22:00,2019-02-25,13:00,5,,,clear,Orion,,,Japan,
207373,GAN,2651,34.6567,135.142,8.9139,2019-02-26,21:03,2019-02-26,12:03,4,,,clear,Orion,Tonight is very clearly the sky. Nothing cloud.Only cold wind from North.So we can say that good condition.,"Here is my apartment and top of this building.  Bitween East and West, Station and another apartment neer by own.",Japan,
207374,GAN,2652,35.2069,136.859,6.75266,2019-02-26,19:58,2019-02-26,10:58,3,,,clear,Orion,,,Japan,
207378,GAN,2658,38.6543,141.008,15.9261,2019-02-27,19:00,2019-02-27,10:00,3,,,clear,Orion,,,Japan,
207703,GAN,3044,34.6566,135.142,9.053,2019-03-04,20:30,2019-03-04,11:30,4,,,1/4 of sky,Orion,,,Japan,
207709,GAN,3052,43.5581,144.321,131.803,2019-02-28,18:30,2019-02-28,09:30,6,,,clear,Gemini,,,Japan,
207710,GAN,3053,43.5581,144.321,131.79,2019-02-28,18:30,2019-02-28,09:30,6,,,clear,Gemini,,,Japan,
207711,GAN,3054,43.5581,144.321,131.79,2019-02-28,18:30,2019-02-28,09:30,6,,,clear,Gemini,,,Japan,
207712,GAN,3055,43.5581,144.321,131.79,2019-02-28,18:30,2019-02-28,09:30,7,,,clear,Gemini,,,Japan,
207713,GAN,3057,43.5581,144.321,131.79,2019-02-28,18:30,2019-02-28,09:30,6,,,clear,Gemini,,,Japan,
207714,GAN,3058,43.5581,144.321,131.79,2019-02-28,18:30,2019-02-28,09:30,6,,,clear,Gemini,,,Japan,
207715,GAN,3059,43.5581,144.321,131.796,2019-02-28,18:30,2019-02-28,09:30,6,,,clear,Gemini,,,Japan,
207716,GAN,3060,43.5581,144.321,131.796,2019-02-28,18:30,2019-02-28,09:30,5,,,clear,Gemini,,,Japan,
207717,GAN,3061,43.5581,144.321,131.79,2019-02-28,18:30,2019-02-28,09:30,6,,,clear,Gemini,,,Japan,
207771,GAN,3124,34.2051,139.139,74.7341,2019-03-05,20:01,2019-03-05,11:01,5,,,clear,Orion,,,Japan,
207938,GAN,3312,31.3927,130.39,51.3822,2019-03-07,23:09,2019-03-07,14:09,2,,,1/2 of sky,Orion,,,Japan,
208568,GAN,4182,36.2859,139.383,0.0,2019-03-27,00:00,2019-03-27,00:00,2,,,1/4 of sky,Leo,,,Japan,
209162,GAN,4888,34.6142,135.595,12.7714,2019-04-03,20:35,2019-04-03,11:35,1,,,clear,Leo,,,Japan,
209234,SQM,4973,35.656,139.695,35.2045,2019-04-04,18:39,2019-04-04,09:39,1,14.5,,clear,Leo,,Rooftop in Shibuya.,Japan,
209236,GAN,4975,35.6618,139.703,21.4501,2019-04-04,19:24,2019-04-04,10:24,-9999,,,clear,Leo,,,Japan,
209237,SQM,4976,35.6617,139.703,22.4497,2019-04-04,19:24,2019-04-04,10:24,3,17.33,,clear,Leo,,,Japan,
209238,SQM,4977,35.6618,139.703,22.8082,2019-04-04,19:25,2019-04-04,10:25,1,15.36,9163,clear,Leo,,,Japan,
209239,SQM,4978,35.662,139.704,24.5364,2019-04-04,19:07,2019-04-04,10:07,1,15.03,5591,clear,Leo,Clear sky.,Urban park. Clear skies. Near tall bright  buildings. Many lamps.,Japan,
209240,SQM,4979,35.6649,139.704,20.1993,2019-04-04,19:38,2019-04-04,10:38,1,17.37,,clear,Leo,,,Japan,
209241,SQM,4980,35.6649,139.704,20.3061,2019-04-04,19:38,2019-04-04,10:38,1,16.02,,clear,Leo,,Dark area near a shrine.,Japan,
209242,SQM,4981,35.6648,139.704,20.4439,2019-04-04,19:38,2019-04-04,10:38,1,16.38,5591,clear,Leo,"clear skies, no lamps",Onden Shrine,Japan,
209243,SQM,4982,35.6688,139.706,21.7019,2019-04-04,19:55,2019-04-04,10:55,2,17.25,,clear,Leo,,,Japan,
209244,SQM,4983,35.6685,139.706,20.9273,2019-04-04,19:56,2019-04-04,10:56,1,15.83,,clear,Leo,,,Japan,
209245,SQM,4984,35.6687,139.706,21.2403,2019-04-04,19:56,2019-04-04,10:56,1,16.08,5591,clear,Leo,clear sky,Roof of a tall building,Japan,
209246,SQM,4986,35.6692,139.701,33.5886,2019-04-04,20:19,2019-04-04,11:19,3,17.59,,clear,Leo,,,Japan,
209247,SQM,4987,35.6695,139.703,33.0654,2019-04-04,20:19,2019-04-04,11:19,1,16.17,,clear,Leo,,"Yoyogi park, lighted area",Japan,
209248,SQM,4988,35.6692,139.701,33.5264,2019-04-04,20:20,2019-04-04,11:20,1,16.31,9163,clear,Leo,,Yoyogi park,Japan,
209249,SQM,4989,35.6692,139.7,33.3432,2019-04-04,20:20,2019-04-04,11:20,1,16.33,5591,clear,Leo,"Clear sky, Some small lamps nearby",Yoyogi Park Plaza,Japan,
209250,SQM,4990,35.6688,139.681,39.5286,2019-04-04,20:48,2019-04-04,11:48,2,16.66,,clear,Leo,,,Japan,
209252,SQM,4992,35.6829,139.701,35.6844,2019-04-04,20:48,2019-04-04,11:48,2,16.49,0585,clear,Leo,clear. sky appeared darker than near city center.Stars brighter,Suburb. near train station.,Japan,
209255,SQM,4996,35.6662,139.68,39.0147,2019-04-04,21:22,2019-04-04,12:22,2,16.89,0585,clear,Leo,,3rd floor balcony on a house,Japan,
209256,SQM,4997,36.1202,137.642,1377.04,2019-04-04,21:33,2019-04-04,12:33,6,21.58,7532,clear,Leo,,,Japan,
209944,SQM,6099,35.4748,139.463,65.0193,2019-04-25,19:59,2019-04-25,10:59,2,15.91,,1/4 of sky,Leo,hazy with few stars to be seen,,Japan,
209990,GAN,6164,35.2256,137.406,616.206,2019-04-25,20:00,2019-04-25,11:00,5,,,1/4 of sky,Leo,,,Japan,
210018,SQM,6204,35.4748,139.463,65.1392,2019-04-27,19:44,2019-04-27,10:44,2,16.18,,clear,Leo,,,Japan,
210056,SQM,6258,35.4748,139.463,65.0397,2019-04-28,20:09,2019-04-28,11:09,2,15.46,,1/2 of sky,Leo,cirrus clouds and not many stars to be seen in the sky,suburban with not many street lights,Japan,
210265,SQM,6521,35.4748,139.463,65.0758,2019-05-02,20:53,2019-05-02,11:53,2,16.28,,1/2 of sky,Leo,cloudy with faint stars showing,suburban taking from 7th story,Japan,
210269,GAN,6525,36.4381,140.355,53.3026,2019-05-02,22:44,2019-05-02,13:44,5,,,clear,Leo,,,Japan,
210373,SQM,6653,35.4748,139.463,65.1923,2019-05-04,20:02,2019-05-04,11:02,2,16.03,,over 1/2 of sky,Leo,full cloud cover no stars noticeable,suburan with no obstructing street light,Japan,
210374,GAN,6654,41.8106,140.717,4.57263,2019-04-29,21:04,2019-04-29,12:04,2,,,clear,Leo,,,Japan,
210375,GAN,6655,41.8106,140.717,4.45268,2019-05-03,20:38,2019-05-03,11:38,2,,,clear,Leo,,,Japan,
210376,GAN,6656,41.8106,140.717,4.54357,2019-05-04,20:50,2019-05-04,11:50,2,,,clear,Leo,,,Japan,
210377,GAN,6657,36.0851,140.117,23.0875,2019-05-04,21:14,2019-05-04,12:14,3,,,clear,Leo,,,Japan,
210430,SQM,6727,35.4748,139.463,65.1954,2019-05-05,20:25,2019-05-05,11:25,2,15.96,,clear,Leo,clear night with thin clouds. The stars and constellations are visible with little to no light obstructions,suburban area with no light obstructions,Japan,
210476,SQM,6781,35.4748,139.463,65.1954,2019-05-06,20:51,2019-05-06,11:51,1,16.48,,1/4 of sky,Leo,light cloud cover with very few stars visible,suburban,Japan,
210513,SQM,6835,35.4748,139.463,65.1937,2019-05-07,19:59,2019-05-07,10:59,1,16.4,,1/2 of sky,Leo,lightly cloudy with a few stars visible,suburban with little light from street lights,Japan,
210554,SQM,6917,35.7373,139.743,26.8994,2019-05-09,22:59,2019-05-09,13:59,2,17.27,08dd,clear,Leo,,,Japan,
210658,SQM,7072,30.455,130.496,8.06469,2019-05-13,19:48,2019-05-13,10:48,4,21.3,06F3,1/2 of sky,Bootes,,On a beach. Nearby building had orange lights.,Japan,
210764,SQM,7236,36.1146,138.723,770.777,2019-05-18,21:53,2019-05-18,12:53,4,17.59,06F3,over 1/2 of sky,Bootes,Full cloud cover,Rural  Near river  Near one lodge,Japan,
210920,SQM,7455,35.7373,139.743,26.9081,2019-05-23,22:40,2019-05-23,13:40,2,16.91,08dd,clear,Bootes,,urban location,Japan,
210970,SQM,7520,35.7373,139.743,26.9124,2019-05-24,22:05,2019-05-24,13:05,2,16.98,08dd,clear,Bootes,,urban location,Japan,
211010,GAN,7570,35.6964,139.39,79.0408,2019-05-25,20:25,2019-05-25,11:25,-9999,,,clear,Bootes,,,Japan,
211011,SQM,7571,35.7373,139.743,26.9037,2019-05-26,21:56,2019-05-26,12:56,2,16.91,08dd,clear,Bootes,,urban  location,Japan,
211040,GAN,7614,35.6222,140.069,3.31351,2019-05-25,00:00,2019-05-25,00:00,1,,,clear,Bootes,,,Japan,
211041,GAN,7618,35.1184,137.719,620.353,2019-05-25,21:00,2019-05-25,12:00,5,,,clear,Bootes,,,Japan,
211042,GAN,7619,43.0434,141.361,29.2,2019-05-26,21:38,2019-05-26,12:38,3,,,1/2 of sky,Bootes,,,Japan,
211043,GAN,7620,43.0434,141.361,29.2,2019-05-26,21:38,2019-05-26,12:38,3,,,1/2 of sky,Bootes,,,Japan,
211044,GAN,7621,43.0433,141.361,30.3936,2019-05-26,22:06,2019-05-26,13:06,3,,,1/4 of sky,Bootes,,,Japan,
211045,GAN,7622,34.0724,136.193,19.3299,2019-05-25,21:20,2019-05-25,12:20,3,,,clear,Bootes,,,Japan,
211048,SQM,7625,35.7373,139.743,26.8851,2019-05-26,23:30,2019-05-26,14:30,3,17.21,08dd,clear,Bootes,,urban location,Japan,
211162,GAN,7796,34.585,133.772,2.63015,2019-05-30,22:39,2019-05-30,13:39,-9999,,,1/4 of sky,Bootes,,,Japan,
211306,GAN,8013,35.7777,137.814,2640.24,2019-06-01,20:00,2019-06-01,11:00,6,,,1/4 of sky,Bootes,,,Japan,
211325,GAN,8042,35.7177,139.652,40.7803,2019-06-03,21:10,2019-06-03,12:10,-9999,,,over 1/2 of sky,Bootes,Aructurus  is should be oranged .    But  the star is white.    the constellation position observed is should be correct .,there are two streetlights and    some buildings.    some lights are turned on.,Japan,
211329,SQM,8046,35.7373,139.743,26.8806,2019-06-03,21:41,2019-06-03,12:41,2,17.0,08dd,clear,Bootes,,urban location,Japan,
211330,SQM,8047,35.7373,139.743,26.9037,2019-06-03,23:05,2019-06-03,14:05,2,17.19,08dd,clear,Bootes,,urban location,Japan,
211331,GAN,8048,36.0832,140.116,25.3256,2019-06-03,23:10,2019-06-03,14:10,3,,,clear,Bootes,,,Japan,
211647,GAN,8603,40.8232,140.784,4.0,2019-06-23,00:00,2019-06-22,15:00,4,,,1/2 of sky,Hercules,,,Japan,
211656,GAN,8617,34.6144,135.595,13.4871,2019-06-25,20:57,2019-06-25,11:57,1,,,1/4 of sky,Hercules,,,Japan,
212080,GAN,9515,35.016,135.74,43.2629,2019-07-29,20:35,2019-07-29,11:35,3,,,clear,Hercules,Humidity is high.,Urban location,Japan,
212117,GAN,9585,36.438,140.358,64.0598,2019-08-01,21:50,2019-08-01,12:50,4,,,clear,Hercules,,,Japan,
212124,GAN,9599,35.7196,139.655,44.1611,2019-08-02,20:13,2019-08-02,11:13,-9999,,,clear,Hercules,,,Japan,
212126,SQM,9602,35.7373,139.743,26.9124,2019-08-02,22:35,2019-08-02,13:35,1,17.03,08dd,clear,Hercules,,urban location,Japan,
212133,GAN,9611,36.438,140.358,64.0598,2019-08-01,21:50,2019-08-01,12:50,4,,,clear,Hercules,,,Japan,
212134,GAN,9612,36.084,140.116,24.6915,2019-08-02,22:11,2019-08-02,13:11,2,,,clear,Hercules,A little misty,,Japan,
212139,GAN,9621,36.0846,140.118,24.9967,2019-08-03,21:38,2019-08-03,12:38,3,,,clear,Hercules,,,Japan,
212140,GAN,9622,36.0839,140.116,24.7491,2019-08-03,21:54,2019-08-03,12:54,3,,,clear,Hercules,,,Japan,
212179,SQM,9686,35.7373,139.743,26.9081,2019-08-02,22:35,2019-08-02,13:35,2,17.03,08dd,clear,Hercules,,urban location,Japan,
212180,SQM,9688,35.7373,139.743,26.8851,2019-08-06,22:52,2019-08-06,13:52,3,17.34,08dd,clear,Hercules,,urban location,Japan,
213225,GAN,9950,31.8023,130.716,270.935,2019-08-22,19:45,2019-08-22,10:45,3,,,1/4 of sky,Cygnus,,,Japan,
213226,GAN,9951,43.7601,142.312,147.401,2019-08-22,20:18,2019-08-22,11:18,1,,,over 1/2 of sky,Cygnus,,,Japan,
213232,GAN,9960,35.6161,140.103,8.58029,2019-08-22,23:20,2019-08-22,14:20,-9999,,,over 1/2 of sky,Cygnus,,,Japan,
213237,GAN,9966,35.6146,140.104,9.05284,2019-08-22,23:20,2019-08-22,14:20,-9999,,,over 1/2 of sky,Cygnus,,,Japan,
213268,GAN,9997,35.6147,140.103,9.09888,2019-08-23,23:10,2019-08-23,14:10,-9999,,,over 1/2 of sky,Cygnus,,,Japan,
213277,GAN,10016,35.6146,140.104,9.01675,2019-08-24,20:13,2019-08-24,11:13,3,,,1/2 of sky,Cygnus,I saw the summer-triangle tonight.,,Japan,
213311,SQM,10051,36.0649,137.902,796.456,2019-08-25,20:08,2019-08-25,11:08,4,20.66,7532,1/4 of sky,Cygnus,,,Japan,
213312,SQM,10052,36.0132,137.859,884.647,2019-08-25,20:24,2019-08-25,11:24,5,20.95,7532,1/4 of sky,Cygnus,,,Japan,
213313,SQM,10053,35.9608,137.809,954.574,2019-08-25,20:42,2019-08-25,11:42,5,21.13,7532,clear,Cygnus,,,Japan,
213314,SQM,10054,35.9329,137.811,1069.85,2019-08-25,20:53,2019-08-25,11:53,6,21.23,7532,clear,Cygnus,,,Japan,
213315,SQM,10055,36.0461,137.702,1330.52,2019-08-25,21:27,2019-08-25,12:27,6,21.33,7532,clear,Cygnus,,,Japan,
213317,SQM,10057,36.1312,137.718,978.263,2019-08-25,21:48,2019-08-25,12:48,6,21.27,7532,clear,Cygnus,,,Japan,
213318,SQM,10058,36.1528,137.749,869.454,2019-08-25,22:04,2019-08-25,13:04,6,21.22,7532,clear,Cygnus,,,Japan,
213319,GAN,10061,33.5158,133.516,55.3493,2019-08-25,23:20,2019-08-25,14:20,4,,,clear,Cygnus,,,Japan,
213349,GAN,10088,35.546,139.517,41.3738,2019-08-23,20:00,2019-08-23,11:00,-9999,,,1/2 of sky,Cygnus,,,Japan,
213351,GAN,10089,35.0163,135.746,42.1961,2019-08-26,20:26,2019-08-26,11:26,3,,,1/4 of sky,Cygnus,,,Japan,
213354,GAN,10092,35.2131,136.865,6.12671,2019-08-26,20:25,2019-08-26,11:25,3,,,1/4 of sky,Cygnus,,,Japan,
213355,SQM,10093,36.5282,138.111,360.429,2019-08-26,21:35,2019-08-26,12:35,5,20.1,,clear,Cygnus,,,Japan,
213356,GAN,10094,34.7887,135.905,135.102,2019-08-26,21:49,2019-08-26,12:49,4,,,clear,Cygnus,,,Japan,
213357,GAN,10095,33.5362,133.528,186.469,2019-08-26,23:06,2019-08-26,14:06,4,,,clear,Cygnus,,,Japan,
213389,GAN,10124,34.6796,134.929,16.93,2019-08-26,20:30,2019-08-26,11:30,3,,,clear,Cygnus,,,Japan,
213393,GAN,10129,26.6402,142.159,28.6926,2019-08-22,19:07,2019-08-22,10:07,-9999,,,over 1/2 of sky,Cygnus,Cloudy,,Japan,
213394,GAN,10130,26.6402,142.159,29.1392,2019-08-23,19:30,2019-08-23,10:30,3,,,clear,Cygnus,,,Japan,
213395,GAN,10131,26.6351,142.163,32.6706,2019-08-24,19:30,2019-08-24,10:30,2,,,over 1/2 of sky,Cygnus,,,Japan,
213396,GAN,10132,26.6402,142.159,28.9773,2019-08-27,19:30,2019-08-27,10:30,2,,,1/4 of sky,Cygnus,,,Japan,
213482,GAN,10224,35.5847,139.666,6.5444,2019-08-29,19:50,2019-08-29,10:50,1,,,1/2 of sky,Cygnus,,,Japan,
213484,SQM,10226,36.3188,137.991,751.081,2019-08-29,20:57,2019-08-29,11:57,5,20.41,7532,1/2 of sky,Cygnus,,,Japan,
213485,SQM,10227,36.3577,137.996,693.245,2019-08-29,21:16,2019-08-29,12:16,5,20.7,7532,1/2 of sky,Cygnus,,,Japan,
213486,SQM,10228,36.3438,137.953,563.483,2019-08-29,21:36,2019-08-29,12:36,5,20.3,7532,over 1/2 of sky,Cygnus,,,Japan,
213488,SQM,10230,36.3121,137.932,541.102,2019-08-29,21:59,2019-08-29,12:59,5,20.3,7532,1/2 of sky,Cygnus,,,Japan,
213557,GAN,10305,36.084,140.118,24.0726,2019-08-30,21:27,2019-08-30,12:27,3,,,1/2 of sky,Cygnus,,,Japan,
213574,SQM,10322,27.0233,128.426,12.783,2019-08-31,20:30,2019-08-31,11:30,6,21.45,0875,1/4 of sky,Cygnus,,,Japan,
213575,SQM,10323,27.0233,128.426,12.9514,2019-08-31,20:30,2019-08-31,11:30,6,21.45,0875,1/4 of sky,Cygnus,,,Japan,
213619,GAN,10361,40.5938,139.875,168.513,2019-08-24,20:40,2019-08-24,11:40,6,,,1/2 of sky,Cygnus,,,Japan,
213621,SQM,10363,36.1437,137.972,684.429,2019-09-01,21:04,2019-09-01,12:04,4,19.92,7532,1/2 of sky,Cygnus,,,Japan,
213624,SQM,10366,36.1146,137.948,718.209,2019-09-01,21:21,2019-09-01,12:21,3,19.02,7532,1/2 of sky,Cygnus,,,Japan,
213625,SQM,10367,36.1045,137.942,732.134,2019-09-01,21:32,2019-09-01,12:32,4,20.07,7532,1/2 of sky,Cygnus,,,Japan,
213626,SQM,10368,36.0715,138.004,903.527,2019-09-01,21:50,2019-09-01,12:50,5,20.57,7532,over 1/2 of sky,Cygnus,,,Japan,
213627,SQM,10369,36.0627,138.016,1082.3,2019-09-01,22:01,2019-09-01,13:01,5,20.47,7532,1/2 of sky,Cygnus,,,Japan,
213663,SQM,10403,36.1848,137.92,634.664,2019-09-02,20:12,2019-09-02,11:12,3,19.11,,1/4 of sky,Cygnus,,,Japan,
213664,SQM,10404,36.1278,137.863,833.69,2019-09-02,20:37,2019-09-02,11:37,5,20.38,7532,1/2 of sky,Cygnus,,,Japan,
213665,SQM,10406,36.181,137.861,758.494,2019-09-02,20:53,2019-09-02,11:53,5,20.28,7532,1/2 of sky,Cygnus,,,Japan,
213666,SQM,10407,36.2023,137.856,678.267,2019-09-02,21:04,2019-09-02,12:04,4,19.75,7532,1/2 of sky,Cygnus,,,Japan,
213667,SQM,10408,36.1836,137.804,711.874,2019-09-02,21:18,2019-09-02,12:18,5,20.77,7532,1/2 of sky,Cygnus,,,Japan,
213668,SQM,10409,36.12,137.643,1378.43,2019-09-02,21:50,2019-09-02,12:50,6,21.25,7532,1/4 of sky,Cygnus,,,Japan,
213669,SQM,10411,36.1194,137.616,1566.76,2019-09-02,21:59,2019-09-02,12:59,6,21.18,7532,1/2 of sky,Cygnus,,,Japan,
213670,SQM,10412,36.1035,137.626,1469.75,2019-09-02,22:14,2019-09-02,13:14,6,21.3,7532,1/4 of sky,Cygnus,,,Japan,
213749,SQM,10510,35.7373,139.743,26.9081,2019-09-06,00:30,2019-09-05,15:30,2,17.51,08dd,clear,Cygnus,,urban location,Japan,
213758,SQM,10527,35.7373,139.743,26.8851,2019-09-07,00:10,2019-09-06,15:10,3,17.68,08dd,clear,Cygnus,,urban location,Japan,
213797,GAN,10603,35.5946,139.65,7.32102,2019-08-28,21:10,2019-08-28,12:10,-9999,,,1/2 of sky,Cygnus,,,Japan,
213798,GAN,10604,35.6055,139.653,31.9581,2019-08-31,23:00,2019-08-31,14:00,2,,,1/4 of sky,Cygnus,,,Japan,
213846,GAN,10731,35.6164,139.701,31.474,2019-09-18,00:39,2019-09-17,15:39,-9999,,,1/4 of sky,Cygnus,,,Japan,
213847,GAN,10732,35.6251,139.701,30.0414,2019-09-18,00:48,2019-09-17,15:48,1,,,1/4 of sky,Cygnus,,,Japan,
213859,GAN,10747,35.6251,139.701,30.0414,2019-09-18,00:48,2019-09-17,15:48,1,,,1/4 of sky,Cygnus,,,Japan,
213886,GAN,10795,34.8873,132.076,113.211,2019-08-25,20:10,2019-08-25,11:10,4,,,clear,Cygnus,The sky was very cloudy.But it was fine 1 hour later.  At suroundings observation there is city lights a little.,Hamada City in Japan.  At suroundings observation there is city lights a little.,Japan,
213887,GAN,10796,43.0859,141.288,26.4452,2019-09-20,21:23,2019-09-20,12:23,3,,,clear,Cygnus,,,Japan,
213888,GAN,10797,34.7893,131.943,8.63644,2019-08-25,21:58,2019-08-25,12:58,4,,,1/4 of sky,Cygnus,The sky is fine.,"There is a sea on the north side of the observation.  In the sea,there is a squid fishing ship fire.",Japan,
213908,GAN,10814,35.6222,140.069,3.29077,2019-09-18,22:50,2019-09-18,13:50,2,,,clear,Cygnus,,,Japan,
214069,GAN,10981,39.7041,141.163,134.106,2019-09-24,19:13,2019-09-24,10:13,2,,,clear,Cygnus,,,Japan,
214091,SQM,11007,33.7614,130.905,419.529,2019-09-24,23:30,2019-09-24,14:30,5,19.7,,clear,Cygnus,,,Japan,
214107,GAN,11024,35.0164,135.746,46.6514,2019-09-25,20:03,2019-09-25,11:03,4,,,clear,Cygnus,,Urban location,Japan,
214108,GAN,11025,39.7049,141.163,133.7,2019-09-25,20:15,2019-09-25,11:15,2,,,clear,Cygnus,,,Japan,
214109,GAN,11026,39.705,141.163,133.697,2019-09-25,20:18,2019-09-25,11:18,2,,,clear,Cygnus,,,Japan,
214140,GAN,11067,35.4539,136.06,87.298,2019-09-26,20:51,2019-09-26,11:51,4,,,clear,Cygnus,,,Japan,
214199,GAN,11162,44.3741,142.483,150.584,2019-09-28,19:21,2019-09-28,10:21,5,,,clear,Cygnus,,,Japan,
214200,GAN,11163,43.4278,141.508,65.1775,2019-09-27,23:54,2019-09-27,14:54,5,,,clear,Cygnus,,,Japan,
214384,GAN,11392,33.0735,130.535,78.4462,2019-09-24,20:10,2019-09-24,11:10,5,,,clear,Cygnus,There is no cloud.  You can see the Milky Way.  The whole sky is whitish and bright      ,"It is a mountainous area in the suburbs, but there are industrial parks and highways nearby. The artificial light source is not visible from the observation point, but if you move a little, you can see the light from the factory lights and street lights.  ",Japan,
214603,SQM,11757,35.7373,139.743,26.8655,2019-10-04,23:30,2019-10-04,14:30,3,17.53,08dd,clear,Pegasus,,urban location,Japan,
214900,GAN,12276,35.0164,135.746,42.42,2019-10-28,19:44,2019-10-28,10:44,3,,,clear,Pegasus,,,Japan,
214902,GAN,12278,35.0164,135.746,42.42,2019-10-28,19:44,2019-10-28,10:44,3,,,clear,Pegasus,,,Japan,
214903,GAN,12279,35.0164,135.746,42.42,2019-10-28,19:44,2019-10-28,10:44,3,,,clear,Pegasus,,,Japan,
214904,GAN,12280,35.0147,135.736,39.5762,2019-10-28,20:02,2019-10-28,11:02,3,,,1/4 of sky,Pegasus,A little misty,,Japan,
214975,GAN,12366,35.6971,139.682,34.2023,2019-10-28,21:30,2019-10-28,12:30,1,,,1/2 of sky,Pegasus,,,Japan,
214977,GAN,12370,27.0271,128.448,32.6157,2019-10-29,19:30,2019-10-29,10:30,6,,,over 1/2 of sky,Pegasus,,,Japan,
215273,GAN,12967,36.438,140.358,64.0598,2019-11-21,21:02,2019-11-21,12:02,5,,,clear,Perseus,,,Japan,
215274,GAN,12968,35.9929,138.502,1242.17,2019-11-21,22:38,2019-11-21,13:38,6,,,clear,Perseus,,,Japan,
215367,GAN,13093,43.1249,141.255,6.13261,2019-11-24,23:20,2019-11-24,14:20,3,,,clear,Perseus,,,Japan,
215779,GAN,13869,35.1127,137.112,87.0628,2019-12-18,21:07,2019-12-18,12:07,3,,,clear,Perseus,,,Japan,
215797,GAN,13921,35.6177,140.063,4.46842,2019-12-20,19:14,2019-12-20,10:14,1,,,1/4 of sky,Perseus,,,Japan,
215800,GAN,13930,35.9828,138.194,912.642,2019-12-20,21:35,2019-12-20,12:35,5,,,clear,Perseus,,,Japan,
215833,GAN,14006,35.0163,135.746,42.4039,2019-12-23,23:21,2019-12-23,14:21,3,,,clear,Perseus,,,Japan,
215839,GAN,14021,35.7213,139.649,44.9381,2019-12-23,22:30,2019-12-23,13:30,1,,,clear,Perseus,,,Japan,
215840,GAN,14022,35.0162,135.744,42.9059,2019-12-24,22:25,2019-12-24,13:25,4,,,clear,Perseus,,,Japan,
215854,GAN,14085,35.0115,135.743,38.301,2019-12-27,20:18,2019-12-27,11:18,3,,,clear,Perseus,,,Japan,
215859,GAN,14093,35.6591,139.64,43.6485,2019-12-27,23:58,2019-12-27,14:58,3,,,clear,Perseus,,,Japan,
